,,,,,,,,,,,,,,,,,,,,,,,,,,,,,,,,,,,,,,,,,,,,,,,,,,,,MEASURE - Metric tons in millions
,YEAR,1970,1971,1972,1973,1974,1975,1976,1977,1978,1979,1980,1981,1982,1983,1984,1985,1986,1987,1988,1989,1990,1991,1992,1993,1994,1995,1996,1997,1998,1999,2000,2001,2002,2003,2004,2005,2006,2007,2008,2009,2010,2011,2012,2013,2014,2015,2016,2017,2018,2019,2020
World,Crude oil loaded,1207,1210,1321,1514,1497,1364,1555,1599,1604,1725,1527,1364,1163,1069,1079,1049,1126,1107,1160,1260,1287,1333,1394,1443,1498,1532,1590,1626,1548,1553,1605,1678,1637,1690,1770,1857,1783.414984,1813.685497,1784.848948,1710.138876,1784.591995,1750.980735,1785.425328,1737.674084,1711.70131,1760.75051,1832.259254,1874.571816,1881.049999,1860.2627,1715.959589
World,Other tanker trade loaded,233,320,332,353,335,280,289,293,296,318,344,327,350,392,399,410,424,441,456,468,468,457,466,502,509,518,537,546,534,532,558,499,509,533,546,565,914.909858,933.6597747,957.1575252,931.14121,967.7164298,1028.474411,1054.708422,1090.582454,1121.499636,1178.050181,1238.106787,1279.015126,1319.750002,1302.649766,1202.301866
World,Dry cargo loaded,1165,1162,1221,1407,1472,1428,1522,1576,1650,1785,1833,1864,1760,1770,1886,1895,1835,1987,2119,2212,2253,2330,2360,2385,2478,2601,2631,2781,3549,3598,3821,3844,3981,4257,4442,4687,5003.782171,5288.885275,5485.522657,5176.829321,5648.615384,5959.098155,6357.247007,6624.6694,6983.242532,7074.325229,7176.247927,7560.302835,7818.35,7907.620626,7730.017348
World,Total goods loaded,2605,2692,2874,3274,3304,3072,3366,3468,3550,3828,3704,3555,3273,3231,3364,3330,3385,3505,3735,3940,4008,4120,4220,4330,4485,4651,4758,4953,5631,5683,5984,6020,6127,6480,6758,7109,7702.107014,8036.230546,8227.52913,7818.109407,8400.923809,8738.553301,9197.380757,9452.925938,9816.443478,10013.12592,10246.61397,10713.88978,11019.15,11070.53309,10648.2788
World,Crude oil discharged,1101,1199,1325,1521,1470,1373,1522,1585,1634,1724,1530,1363,1283,1133,1166,1128,1220,1110,1194,1300,1315,1355,1414,1465,1508,1550,1599,1625,1515,1543,1633,1712,1696,1743,1773,1854,1939.889977,1996.192911,1942.789529,1874.597022,1939.385142,1897.015427,1930.006834,1881.764727,1850.15619,1909.95772,1985.471924,2033.454364,2048.8033,2022.756764,1863.617364
World,Other tanker trade discharged,298,300,316,339,312,287,312,321,321,308,326,310,330,349,371,367,390,408,422,433,466,441,451,480,490,508,480,522,548,510,513,534,540,536,545,573,897.1748763,901.619553,932.7749604,922.6985863,970.7252414,1039.307067,1055.843207,1090.664366,1087.558878,1175.468608,1234.766023,1287.885308,1338.550393,1320.4868,1221.977008
World,Dry cargo discharged,1131,1134,1217,1377,1472,1395,1518,1536,1570,1782,1823,1838,1780,1830,1928,1938,1860,2120,2248,2337,2365,2449,2480,2477,2575,2685,2734,2890,3855,3955,4097,3954,4099,4324,4469,4696,5065.619515,5165.48993,5419.381214,5044.116086,5454.04621,5766.034535,6129.450784,6510.821928,6782.238647,6879.300167,7082.916918,7365.659579,7629.393146,7711.833895,7545.46893
World,Total goods discharged,2529,2632,2858,3237,3254,3055,3352,3442,3525,3814,3679,3512,3393,3312,3465,3433,3470,3628,3866,4070,4126,4245,4345,4422,4573,4743,4815,5037,5918,6007,6242,6201,6335,6603,6787,7122,7902.684369,8063.302394,8294.945704,7841.411695,8364.156594,8702.357029,9115.300826,9483.251022,9719.953716,9964.726496,10303.15487,10686.99925,11016.74684,11055.07746,10631.0633
  Africa,Crude oil loaded,..,..,..,..,..,..,..,..,..,..,..,..,..,..,..,..,..,..,..,..,..,..,..,..,..,..,..,..,..,..,..,..,..,..,..,..,353.7560004,362.5100756,379.160766,354.000552,343.595579,338.005094,364.228317,327.533467,304.329,293.676,271.31952,291.32452,297.437,302.821999,236.121999
  Africa,Other tanker trade loaded,..,..,..,..,..,..,..,..,..,..,..,..,..,..,..,..,..,..,..,..,..,..,..,..,..,..,..,..,..,..,..,..,..,..,..,..,86.031779,81.843875,83.306964,82.958886,81.522625,68.51641,70.150096,82.38955,74.346152,58.576152,58.781827,70.433107,70.433862,91.641665,83.433365
  Africa,Dry cargo loaded,..,..,..,..,..,..,..,..,..,..,..,..,..,..,..,..,..,..,..,..,..,..,..,..,..,..,..,..,..,..,..,..,..,..,..,..,282.1156138,287.7370096,300.8865595,273.0950775,301.2763326,321.8696426,325.8389476,365.4304246,359.4362016,362.7567166,363.5616086,376.5191736,395.1645578,419.6182278,415.9082278
  Africa,Total goods loaded,..,..,..,..,..,..,..,..,..,..,..,..,..,..,..,..,..,..,..,..,..,..,..,..,..,..,..,..,..,..,..,..,..,..,..,..,721.9033932,732.0909602,763.3542895,710.0545155,726.3945366,728.3911466,760.2173606,775.3534416,738.1113536,715.0088686,693.6629556,738.2768006,763.0354198,814.0818918,735.4635918
  Africa,Crude oil discharged,..,..,..,..,..,..,..,..,..,..,..,..,..,..,..,..,..,..,..,..,..,..,..,..,..,..,..,..,..,..,..,..,..,..,..,..,41.268747,45.702275,45.0193,44.600192,42.020148,37.7858,32.7685,36.611,37.19,39.35,38.698,40.511,39.042,35.314,30.599
  Africa,Other tanker trade discharged,..,..,..,..,..,..,..,..,..,..,..,..,..,..,..,..,..,..,..,..,..,..,..,..,..,..,..,..,..,..,..,..,..,..,..,..,39.00174429,44.54131903,43.524576,39.763217,39.337152,46.311793,51.053201,59.499264,70.999087,72.081207,81.189159,93.528883,99.938864,113.364316,107.944316
  Africa,Dry cargo discharged,..,..,..,..,..,..,..,..,..,..,..,..,..,..,..,..,..,..,..,..,..,..,..,..,..,..,..,..,..,..,..,..,..,..,..,..,268.7431013,290.1789014,288.4767432,301.8380392,319.3501552,275.6798202,298.928445,310.710785,337.000246,363.505445,360.14731,341.965033,362.828433,384.995433,371.515274
  Africa,Total goods discharged,..,..,..,..,..,..,..,..,..,..,..,..,..,..,..,..,..,..,..,..,..,..,..,..,..,..,..,..,..,..,..,..,..,..,..,..,349.0135926,380.4224955,377.0206192,386.2014482,400.7074552,359.7774132,382.750146,406.821049,445.189333,474.936652,480.034469,476.004916,501.809297,533.673749,510.05859
    Northern Africa,Crude oil loaded,..,..,..,..,..,..,..,..,..,..,..,..,..,..,..,..,..,..,..,..,..,..,..,..,..,..,..,..,..,..,..,..,..,..,..,..,129.235883,129.685252,132.921202,120.044848,122.584173,93.709094,127.958117,96.221767,67.882,63.452,57.645,83.6,88.436,92.243,54.443
    Northern Africa,Other tanker trade loaded,..,..,..,..,..,..,..,..,..,..,..,..,..,..,..,..,..,..,..,..,..,..,..,..,..,..,..,..,..,..,..,..,..,..,..,..,64.482014,62.595084,61.856841,65.440912,65.010029,41.627395,39.228657,53.096,43.936607,31.962607,29.718244,30.320607,28.657407,43.027607,37.749307
    Northern Africa,Dry cargo loaded,..,..,..,..,..,..,..,..,..,..,..,..,..,..,..,..,..,..,..,..,..,..,..,..,..,..,..,..,..,..,..,..,..,..,..,..,85.22585001,82.51259218,79.534753,72.160002,78.505864,86.119935,91.037528,100.977777,95.588409,82.113409,83.085363,88.128653,105.420653,115.796153,113.796153
    Northern Africa,Total goods loaded,..,..,..,..,..,..,..,..,..,..,..,..,..,..,..,..,..,..,..,..,..,..,..,..,..,..,..,..,..,..,..,..,..,..,..,..,278.943747,274.7929282,274.312796,257.645762,266.100066,221.456424,258.224302,250.295544,207.407016,177.528016,170.448607,202.04926,222.51406,251.06676,205.98846
    Northern Africa,Crude oil discharged,..,..,..,..,..,..,..,..,..,..,..,..,..,..,..,..,..,..,..,..,..,..,..,..,..,..,..,..,..,..,..,..,..,..,..,..,5.972803,7.528249,11.304,12.2433,11.2644,8.15,8.966,9.766,7.4,7.7,9.498,11.585,13.978,9.355,6.255
    Northern Africa,Other tanker trade discharged,..,..,..,..,..,..,..,..,..,..,..,..,..,..,..,..,..,..,..,..,..,..,..,..,..,..,..,..,..,..,..,..,..,..,..,..,13.82727326,14.982804,17.142607,15.029252,15.141015,15.877,14.95288,22.08988,31.38188,29.175,28.586633,32.608,36.028,42.928,38.928
    Northern Africa,Dry cargo discharged,..,..,..,..,..,..,..,..,..,..,..,..,..,..,..,..,..,..,..,..,..,..,..,..,..,..,..,..,..,..,..,..,..,..,..,..,143.2282379,156.5588372,155.125969,163.026601,178.087828,135.203516,143.552864,149.729982,168.262886,188.069766,185.874389,178.815723,183.746123,190.616123,176.716123
    Northern Africa,Total goods discharged,..,..,..,..,..,..,..,..,..,..,..,..,..,..,..,..,..,..,..,..,..,..,..,..,..,..,..,..,..,..,..,..,..,..,..,..,163.0283141,179.0698902,183.572576,190.299153,204.493243,159.230516,167.471744,181.585862,207.044766,224.944766,223.959022,223.008723,233.752123,242.899123,221.899123
    Sub-Saharan Africa,Crude oil loaded,..,..,..,..,..,..,..,..,..,..,..,..,..,..,..,..,..,..,..,..,..,..,..,..,..,..,..,..,..,..,..,..,..,..,..,..,224.5201174,232.8248236,246.239564,233.955704,221.011406,244.296,236.2702,231.3117,236.447,230.224,213.67452,207.72452,209.001,210.578999,181.678999
    Sub-Saharan Africa,Other tanker trade loaded,..,..,..,..,..,..,..,..,..,..,..,..,..,..,..,..,..,..,..,..,..,..,..,..,..,..,..,..,..,..,..,..,..,..,..,..,21.549765,19.248791,21.450123,17.517974,16.512596,26.889015,30.921439,29.29355,30.409545,26.613545,29.063583,40.1125,41.776455,48.614058,45.684058
    Sub-Saharan Africa,Dry cargo loaded,..,..,..,..,..,..,..,..,..,..,..,..,..,..,..,..,..,..,..,..,..,..,..,..,..,..,..,..,..,..,..,..,..,..,..,..,196.8897638,205.2244174,221.3518065,200.9350755,222.7704686,235.7497076,234.8014196,264.4526476,263.8477926,280.6433076,280.4762456,288.3905206,289.7439048,303.8220748,302.1120748
    Sub-Saharan Africa,Total goods loaded,..,..,..,..,..,..,..,..,..,..,..,..,..,..,..,..,..,..,..,..,..,..,..,..,..,..,..,..,..,..,..,..,..,..,..,..,442.9596462,457.298032,489.0414935,452.4087535,460.2944706,506.9347226,501.9930586,525.0578976,530.7043376,537.4808526,523.2143486,536.2275406,540.5213598,563.0151318,529.4751318
    Sub-Saharan Africa,Crude oil discharged,..,..,..,..,..,..,..,..,..,..,..,..,..,..,..,..,..,..,..,..,..,..,..,..,..,..,..,..,..,..,..,..,..,..,..,..,35.295944,38.174026,33.7153,32.356892,30.755748,29.6358,23.8025,26.845,29.79,31.65,29.2,28.926,25.064,25.959,24.344
    Sub-Saharan Africa,Other tanker trade discharged,..,..,..,..,..,..,..,..,..,..,..,..,..,..,..,..,..,..,..,..,..,..,..,..,..,..,..,..,..,..,..,..,..,..,..,..,25.17447103,29.55851503,26.381969,24.733965,24.196137,30.434793,36.100321,37.409384,39.617207,42.906207,52.602526,60.920883,63.910864,70.436316,69.016316
    Sub-Saharan Africa,Dry cargo discharged,..,..,..,..,..,..,..,..,..,..,..,..,..,..,..,..,..,..,..,..,..,..,..,..,..,..,..,..,..,..,..,..,..,..,..,..,125.5148634,133.6200643,133.3507742,138.8114382,141.2623272,140.4763042,155.375581,160.980803,168.73736,175.435679,174.272921,163.14931,179.08231,194.37931,194.799151
    Sub-Saharan Africa,Total goods discharged,..,..,..,..,..,..,..,..,..,..,..,..,..,..,..,..,..,..,..,..,..,..,..,..,..,..,..,..,..,..,..,..,..,..,..,..,185.9852785,201.3526053,193.4480432,195.9022952,196.2142122,200.5468972,215.278402,225.235187,238.144567,249.991886,256.075447,252.996193,268.057174,290.774626,288.159467
      Eastern Africa,Crude oil loaded,..,..,..,..,..,..,..,..,..,..,..,..,..,..,..,..,..,..,..,..,..,..,..,..,..,..,..,..,..,..,..,..,..,..,..,..,0,0,0,0,0,0,0,0,0,0,0,0.059,0.096,3.286,3.186
      Eastern Africa,Other tanker trade loaded,..,..,..,..,..,..,..,..,..,..,..,..,..,..,..,..,..,..,..,..,..,..,..,..,..,..,..,..,..,..,..,..,..,..,..,..,0.463946,0.431467,0.298497,0,0,0.359659,0.466611,0.399487,0.399487,0.403487,0.549525,2.768442,4.065397,8.384,8.264
      Eastern Africa,Dry cargo loaded,..,..,..,..,..,..,..,..,..,..,..,..,..,..,..,..,..,..,..,..,..,..,..,..,..,..,..,..,..,..,..,..,..,..,..,..,21.048876,21.07049961,22.16332261,19.59739961,20.33259961,18.25687461,16.39033861,15.44919761,16.65002561,16.51502561,17.19287661,17.28135661,19.2736378,19.7906188,19.2906188
      Eastern Africa,Total goods loaded,..,..,..,..,..,..,..,..,..,..,..,..,..,..,..,..,..,..,..,..,..,..,..,..,..,..,..,..,..,..,..,..,..,..,..,..,21.512822,21.50196661,22.46181961,19.59739961,20.33259961,18.61653361,16.85694961,15.84868461,17.04951261,16.91851261,17.74240161,20.10879861,23.4350348,31.4606188,30.7406188
      Eastern Africa,Crude oil discharged,..,..,..,..,..,..,..,..,..,..,..,..,..,..,..,..,..,..,..,..,..,..,..,..,..,..,..,..,..,..,..,..,..,..,..,..,2.123,2.123,1.773,1.737,1.87206,1.42,1.772,1.872,0.6,0.6,0.349,0.7,0.262,0.735,0
      Eastern Africa,Other tanker trade discharged,..,..,..,..,..,..,..,..,..,..,..,..,..,..,..,..,..,..,..,..,..,..,..,..,..,..,..,..,..,..,..,..,..,..,..,..,7.138041,7.942566,6.94666,8.513846,7.902316,8.613416,9.755275,8.68101,10.922216,9.367216,13.633216,16.613916,16.128216,19.078916,18.868916
      Eastern Africa,Dry cargo discharged,..,..,..,..,..,..,..,..,..,..,..,..,..,..,..,..,..,..,..,..,..,..,..,..,..,..,..,..,..,..,..,..,..,..,..,..,16.813177,18.99611466,20.094447,17.937724,19.772038,21.916975,22.176485,24.892427,25.834542,29.016861,30.970892,32.898281,37.122281,52.454281,52.534122
      Eastern Africa,Total goods discharged,..,..,..,..,..,..,..,..,..,..,..,..,..,..,..,..,..,..,..,..,..,..,..,..,..,..,..,..,..,..,..,..,..,..,..,..,26.074218,29.06168066,28.814107,28.18857,29.546414,31.950391,33.70376,35.445437,37.356758,38.984077,44.953108,50.212197,53.512497,72.268197,71.403038
      Middle Africa,Crude oil loaded,..,..,..,..,..,..,..,..,..,..,..,..,..,..,..,..,..,..,..,..,..,..,..,..,..,..,..,..,..,..,..,..,..,..,..,..,113.95292,122.68292,134.181564,129.26418,124.450406,129.336,128.4172,131.701,124.302,124.879,124.154,112.548,110.229,105.437,100.637
      Middle Africa,Other tanker trade loaded,..,..,..,..,..,..,..,..,..,..,..,..,..,..,..,..,..,..,..,..,..,..,..,..,..,..,..,..,..,..,..,..,..,..,..,..,2.564,2.624334,5.849698,1.9792,2.032098,6.015098,7.0677,5.928,6.563,6.463,7.551,6.707,7.825,7.525,6.976
      Middle Africa,Dry cargo loaded,..,..,..,..,..,..,..,..,..,..,..,..,..,..,..,..,..,..,..,..,..,..,..,..,..,..,..,..,..,..,..,..,..,..,..,..,6.258831882,7.763929882,8.964399882,8.502095882,9.170016,9.302318,11.272573,12.830573,11.130573,12.630573,13.630573,13.9353,16.6883,16.3863,16.1763
      Middle Africa,Total goods loaded,..,..,..,..,..,..,..,..,..,..,..,..,..,..,..,..,..,..,..,..,..,..,..,..,..,..,..,..,..,..,..,..,..,..,..,..,122.7757519,133.0711839,148.9956619,139.7454759,135.65252,144.653416,146.757473,150.459573,141.995573,143.972573,145.335573,133.1903,134.7423,129.3483,123.7893
      Middle Africa,Crude oil discharged,..,..,..,..,..,..,..,..,..,..,..,..,..,..,..,..,..,..,..,..,..,..,..,..,..,..,..,..,..,..,..,..,..,..,..,..,2.139,2.8035,1.743,1.870468,1.618788,1.42,0.865,1.6,1.9,1.9,2.12,2.82,1.324,1.332,1.122
      Middle Africa,Other tanker trade discharged,..,..,..,..,..,..,..,..,..,..,..,..,..,..,..,..,..,..,..,..,..,..,..,..,..,..,..,..,..,..,..,..,..,..,..,..,1.684129,1.891129,2.795141,2.749226,2.749226,3.837843,4.355726,4.432726,3.940343,6.322343,8.388343,8.612,5.835,6.895,6.885
      Middle Africa,Dry cargo discharged,..,..,..,..,..,..,..,..,..,..,..,..,..,..,..,..,..,..,..,..,..,..,..,..,..,..,..,..,..,..,..,..,..,..,..,..,7.327457,7.65380816,8.93395416,9.87399416,11.39249416,12.02839516,13.82864,15.9314,17.213237,16.513237,15.553237,16.453237,21.233237,27.802237,28.002237
      Middle Africa,Total goods discharged,..,..,..,..,..,..,..,..,..,..,..,..,..,..,..,..,..,..,..,..,..,..,..,..,..,..,..,..,..,..,..,..,..,..,..,..,11.150586,12.34843716,13.47209516,14.49368816,15.76050816,17.28623816,19.049366,21.964126,23.05358,24.73558,26.06158,27.885237,28.392237,36.029237,36.009237
      Southern Africa,Crude oil loaded,..,..,..,..,..,..,..,..,..,..,..,..,..,..,..,..,..,..,..,..,..,..,..,..,..,..,..,..,..,..,..,..,..,..,..,..,0.005,0.005,0.2988,0.268,0.284,0,0,0.5107,0,0,0,0,0,0,0
      Southern Africa,Other tanker trade loaded,..,..,..,..,..,..,..,..,..,..,..,..,..,..,..,..,..,..,..,..,..,..,..,..,..,..,..,..,..,..,..,..,..,..,..,..,5.92,5.92,6.165528,5.084,5.38904,2.45,3.9445,3.969005,3.3,3,3.216,3.6,4.616,5.63,5.17
      Southern Africa,Dry cargo loaded,..,..,..,..,..,..,..,..,..,..,..,..,..,..,..,..,..,..,..,..,..,..,..,..,..,..,..,..,..,..,..,..,..,..,..,..,129.862726,129.862726,136.041419,131.478596,139.46495,150.7406,159.833718,161.550628,163.35,174.65,166.969,173.756,168.93,173.106,173.106
      Southern Africa,Total goods loaded,..,..,..,..,..,..,..,..,..,..,..,..,..,..,..,..,..,..,..,..,..,..,..,..,..,..,..,..,..,..,..,..,..,..,..,..,135.787726,135.787726,142.505747,136.830596,145.13799,153.1906,163.778218,166.030333,166.65,177.65,170.185,177.356,173.546,178.736,178.276
      Southern Africa,Crude oil discharged,..,..,..,..,..,..,..,..,..,..,..,..,..,..,..,..,..,..,..,..,..,..,..,..,..,..,..,..,..,..,..,..,..,..,..,..,25.62517,25.62517,23.406,21.963,20.758,21.698,15.869,17.023,21.54,23.2,23.006,20.03,18.903,19.47,18.87
      Southern Africa,Other tanker trade discharged,..,..,..,..,..,..,..,..,..,..,..,..,..,..,..,..,..,..,..,..,..,..,..,..,..,..,..,..,..,..,..,..,..,..,..,..,2.600513735,2.600513735,3.146508,2.682,2.497374,2.478,4.52,4.455,8.455,8.455,9.131,8.163,10.75,11.46,11.56
      Southern Africa,Dry cargo discharged,..,..,..,..,..,..,..,..,..,..,..,..,..,..,..,..,..,..,..,..,..,..,..,..,..,..,..,..,..,..,..,..,..,..,..,..,39.14098795,39.14098795,42.786962,44.796362,36.947648,26.816093,30.515705,29.028811,27.03,25.67,27.042,21.107,24.647,23.243,22.983
      Southern Africa,Total goods discharged,..,..,..,..,..,..,..,..,..,..,..,..,..,..,..,..,..,..,..,..,..,..,..,..,..,..,..,..,..,..,..,..,..,..,..,..,67.36667168,67.36667168,69.33947,69.441362,60.203022,50.992093,50.904705,50.506811,57.025,57.325,59.179,49.3,54.3,54.173,53.413
      Western Africa,Crude oil loaded,..,..,..,..,..,..,..,..,..,..,..,..,..,..,..,..,..,..,..,..,..,..,..,..,..,..,..,..,..,..,..,..,..,..,..,..,110.5621974,110.1369036,111.7592,104.423524,96.277,114.96,107.853,99.1,112.145,105.345,89.52052,95.11752,98.676,101.855999,77.855999
      Western Africa,Other tanker trade loaded,..,..,..,..,..,..,..,..,..,..,..,..,..,..,..,..,..,..,..,..,..,..,..,..,..,..,..,..,..,..,..,..,..,..,..,..,12.601819,10.27299,9.1364,10.454774,9.091458,18.064258,19.442628,18.997058,20.147058,16.747058,17.747058,27.037058,25.270058,27.075058,25.274058
      Western Africa,Dry cargo loaded,..,..,..,..,..,..,..,..,..,..,..,..,..,..,..,..,..,..,..,..,..,..,..,..,..,..,..,..,..,..,..,..,..,..,..,..,39.7193299,46.5272619,54.182665,41.356984,53.802903,57.449915,47.30479,74.622249,72.717194,76.847709,82.683796,83.417864,84.851967,94.539156,93.539156
      Western Africa,Total goods loaded,..,..,..,..,..,..,..,..,..,..,..,..,..,..,..,..,..,..,..,..,..,..,..,..,..,..,..,..,..,..,..,..,..,..,..,..,162.8833463,166.9371555,175.078265,156.235282,159.171361,190.474173,174.600418,192.719307,205.009252,198.939767,189.951374,205.572442,208.798025,223.470213,196.669213
      Western Africa,Crude oil discharged,..,..,..,..,..,..,..,..,..,..,..,..,..,..,..,..,..,..,..,..,..,..,..,..,..,..,..,..,..,..,..,..,..,..,..,..,5.408774,7.622356,6.7933,6.786424,6.5069,5.0978,5.2965,6.35,5.75,5.95,3.725,5.376,4.575,4.422,4.352
      Western Africa,Other tanker trade discharged,..,..,..,..,..,..,..,..,..,..,..,..,..,..,..,..,..,..,..,..,..,..,..,..,..,..,..,..,..,..,..,..,..,..,..,..,13.7517873,17.1243063,13.49366,10.788893,11.047221,15.505534,17.46932,19.840648,16.299648,18.761648,21.449967,27.531967,31.197648,33.0024,31.7024
      Western Africa,Dry cargo discharged,..,..,..,..,..,..,..,..,..,..,..,..,..,..,..,..,..,..,..,..,..,..,..,..,..,..,..,..,..,..,..,..,..,..,..,..,62.2332415,67.8291535,61.535411,66.203358,73.150147,79.714841,88.854751,91.128165,98.659581,104.235581,100.706792,92.690792,96.079792,90.879792,91.279792
      Western Africa,Total goods discharged,..,..,..,..,..,..,..,..,..,..,..,..,..,..,..,..,..,..,..,..,..,..,..,..,..,..,..,..,..,..,..,..,..,..,..,..,81.3938028,92.5758158,81.822371,83.778675,90.704268,100.318175,111.620571,117.318813,120.709229,128.947229,125.881759,125.598759,131.85244,128.304192,127.334192
  America,Crude oil loaded,..,..,..,..,..,..,..,..,..,..,..,..,..,..,..,..,..,..,..,..,..,..,..,..,..,..,..,..,..,..,..,..,..,..,..,..,273.471972,277.1239633,258.6884677,249.595114,256.4390566,278.083976,284.037128,273.697821,275.656233,274.531233,293.545358,298.1713,324.024321,417.502432,393.938321
  America,Other tanker trade loaded,..,..,..,..,..,..,..,..,..,..,..,..,..,..,..,..,..,..,..,..,..,..,..,..,..,..,..,..,..,..,..,..,..,..,..,..,180.248318,181.9546601,212.0247725,197.7280193,200.1728041,232.3368332,223.39105,206.228898,216.110328,230.836648,222.936648,228.949448,262.1503,211.8132,184.9396
  America,Dry cargo loaded,..,..,..,..,..,..,..,..,..,..,..,..,..,..,..,..,..,..,..,..,..,..,..,..,..,..,..,..,..,..,..,..,..,..,..,..,1122.366645,1240.884883,1330.036156,1228.612219,1348.487624,1465.928056,1570.170374,1604.02501,1631.983452,1724.308302,1724.713245,1772.674923,1835.159273,1937.257284,1907.047544
  America,Total goods loaded,..,..,..,..,..,..,..,..,..,..,..,..,..,..,..,..,..,..,..,..,..,..,..,..,..,..,..,..,..,..,..,..,..,..,..,..,1576.086935,1699.963507,1800.749396,1675.935353,1805.099484,1976.348866,2077.598552,2083.951729,2123.750013,2229.676183,2241.195251,2299.795671,2421.333894,2566.572916,2485.925465
  America,Crude oil discharged,..,..,..,..,..,..,..,..,..,..,..,..,..,..,..,..,..,..,..,..,..,..,..,..,..,..,..,..,..,..,..,..,..,..,..,..,564.710419,589.5149312,555.506235,509.534799,532.784751,484.126285,476.375046,425.674002,378.460862,355.100712,349.171712,313.5592,303.2712,294.02746,236.62246
  America,Other tanker trade discharged,..,..,..,..,..,..,..,..,..,..,..,..,..,..,..,..,..,..,..,..,..,..,..,..,..,..,..,..,..,..,..,..,..,..,..,..,217.384934,220.094995,208.7476805,205.5499414,211.8098215,187.753406,195.6651424,191.6678754,202.4679154,202.7806554,223.0354354,215.7799244,240.0002664,251.7306334,223.2806334
  America,Dry cargo discharged,..,..,..,..,..,..,..,..,..,..,..,..,..,..,..,..,..,..,..,..,..,..,..,..,..,..,..,..,..,..,..,..,..,..,..,..,755.791534,729.0380888,703.0690934,540.4278304,597.6215724,694.4146084,752.7166089,828.022493,826.976604,850.878234,833.37277,897.143682,970.754032,960.601772,939.49813
  America,Total goods discharged,..,..,..,..,..,..,..,..,..,..,..,..,..,..,..,..,..,..,..,..,..,..,..,..,..,..,..,..,..,..,..,..,..,..,..,..,1537.886887,1538.648015,1467.323009,1255.512571,1342.216145,1366.294299,1424.756797,1445.36437,1407.905381,1408.759601,1405.579917,1426.482806,1514.025498,1506.359865,1399.401223
    Northern America,Crude oil loaded,..,..,..,..,..,..,..,..,..,..,..,..,..,..,..,..,..,..,..,..,..,..,..,..,..,..,..,..,..,..,..,..,..,..,..,..,22.155,24.85058519,24.105641,23.879814,25.4863,24.255076,30.727321,33.727321,43.055233,51.055233,61.055233,72.977321,123.407321,195.557321,193.477321
    Northern America,Other tanker trade loaded,..,..,..,..,..,..,..,..,..,..,..,..,..,..,..,..,..,..,..,..,..,..,..,..,..,..,..,..,..,..,..,..,..,..,..,..,86.368834,91.30180137,119.006254,123.755065,126.9476792,154.3535832,137.445,136.418648,139.682328,147.018648,142.018648,157.018648,173.5,130.5,109.3
    Northern America,Dry cargo loaded,..,..,..,..,..,..,..,..,..,..,..,..,..,..,..,..,..,..,..,..,..,..,..,..,..,..,..,..,..,..,..,..,..,..,..,..,436.845474,516.7054017,549.410575,498.498077,523.0955748,563.9975938,626.8078559,650.148031,640.047251,680.047251,683.447487,706,739.04,833.953,813.953
    Northern America,Total goods loaded,..,..,..,..,..,..,..,..,..,..,..,..,..,..,..,..,..,..,..,..,..,..,..,..,..,..,..,..,..,..,..,..,..,..,..,..,545.369308,632.8577882,692.52247,646.132956,675.5295541,742.6062531,794.9801769,820.294,822.784812,878.121132,886.521368,935.995969,1035.947321,1160.010321,1116.730321
    Northern America,Crude oil discharged,..,..,..,..,..,..,..,..,..,..,..,..,..,..,..,..,..,..,..,..,..,..,..,..,..,..,..,..,..,..,..,..,..,..,..,..,500.961953,513.511226,481.288635,445.183983,463.484385,413.039399,401.775,356.3,313.33886,289.33886,297.25086,266.05,256.2,248.98,196.98
    Northern America,Other tanker trade discharged,..,..,..,..,..,..,..,..,..,..,..,..,..,..,..,..,..,..,..,..,..,..,..,..,..,..,..,..,..,..,..,..,..,..,..,..,155.670245,156.0599496,138.870102,131.997046,135.207828,113.883838,112.092,102.3,102.66108,100.66108,94.80108,74.356108,90.75,108,93.3
    Northern America,Dry cargo discharged,..,..,..,..,..,..,..,..,..,..,..,..,..,..,..,..,..,..,..,..,..,..,..,..,..,..,..,..,..,..,..,..,..,..,..,..,492.11595,453.133657,414.327301,306.425569,334.987334,368.554627,378.496,431.342,420.20006,429.20006,447.55446,477.904,529,528.004,519.004
    Northern America,Total goods discharged,..,..,..,..,..,..,..,..,..,..,..,..,..,..,..,..,..,..,..,..,..,..,..,..,..,..,..,..,..,..,..,..,..,..,..,..,1148.748148,1122.704833,1034.486038,883.606598,933.679547,895.477864,892.363,889.942,836.2,819.2,839.6064,818.310108,875.95,884.984,809.284
    Latin America and the Caribbean,Crude oil loaded,..,..,..,..,..,..,..,..,..,..,..,..,..,..,..,..,..,..,..,..,..,..,..,..,..,..,..,..,..,..,..,..,..,..,..,..,251.316972,252.2733781,234.5828267,225.7153,230.9527566,253.8289,253.309807,239.9705,232.601,223.476,232.490125,225.193979,200.617,221.945111,200.461
    Latin America and the Caribbean,Other tanker trade loaded,..,..,..,..,..,..,..,..,..,..,..,..,..,..,..,..,..,..,..,..,..,..,..,..,..,..,..,..,..,..,..,..,..,..,..,..,93.879484,90.65285873,93.01851853,73.97295433,73.22512493,77.98325,85.94605,69.81025,76.428,83.818,80.918,71.9308,88.6503,81.3132,75.6396
    Latin America and the Caribbean,Dry cargo loaded,..,..,..,..,..,..,..,..,..,..,..,..,..,..,..,..,..,..,..,..,..,..,..,..,..,..,..,..,..,..,..,..,..,..,..,..,685.521171,724.1794816,780.6255812,730.1141422,825.3920488,901.9304625,943.3625185,953.876979,991.936201,1044.261051,1041.265758,1066.674923,1096.119273,1103.304284,1093.094544
    Latin America and the Caribbean,Total goods loaded,..,..,..,..,..,..,..,..,..,..,..,..,..,..,..,..,..,..,..,..,..,..,..,..,..,..,..,..,..,..,..,..,..,..,..,..,1030.717627,1067.105718,1108.226926,1029.802397,1129.56993,1233.742612,1282.618375,1263.657729,1300.965201,1351.555051,1354.673883,1363.799702,1385.386573,1406.562595,1369.195144
    Latin America and the Caribbean,Crude oil discharged,..,..,..,..,..,..,..,..,..,..,..,..,..,..,..,..,..,..,..,..,..,..,..,..,..,..,..,..,..,..,..,..,..,..,..,..,63.748466,76.0037052,74.2176,64.350816,69.300366,71.086886,74.600046,69.374002,65.122002,65.761852,51.920852,47.5092,47.0712,45.04746,39.64246
    Latin America and the Caribbean,Other tanker trade discharged,..,..,..,..,..,..,..,..,..,..,..,..,..,..,..,..,..,..,..,..,..,..,..,..,..,..,..,..,..,..,..,..,..,..,..,..,61.714689,64.03504538,69.87757848,73.55289538,76.60199348,73.869568,83.57314238,89.36787538,99.80683538,102.1195754,128.2343554,141.4238164,149.2502664,143.7306334,129.9806334
    Latin America and the Caribbean,Dry cargo discharged,..,..,..,..,..,..,..,..,..,..,..,..,..,..,..,..,..,..,..,..,..,..,..,..,..,..,..,..,..,..,..,..,..,..,..,..,263.675584,275.9044318,288.7417924,234.0022614,262.6342384,325.8599814,374.2206089,396.680493,406.776544,421.678174,385.81831,419.239682,441.754032,432.597772,420.49413
    Latin America and the Caribbean,Total goods discharged,..,..,..,..,..,..,..,..,..,..,..,..,..,..,..,..,..,..,..,..,..,..,..,..,..,..,..,..,..,..,..,..,..,..,..,..,389.138739,415.9431824,432.8369709,371.9059728,408.5365979,470.8164354,532.3937973,555.4223704,571.7053814,589.5596014,565.9735174,608.1726984,638.0754984,621.3758654,590.1172234
      Caribbean,Crude oil loaded,..,..,..,..,..,..,..,..,..,..,..,..,..,..,..,..,..,..,..,..,..,..,..,..,..,..,..,..,..,..,..,..,..,..,..,..,4.18615,6.52912611,7.52912611,3.753,3.753,3.724,3.8535,5.8535,1.52,1.52,1.421,1.952725,1.169,0.366111,1
      Caribbean,Other tanker trade loaded,..,..,..,..,..,..,..,..,..,..,..,..,..,..,..,..,..,..,..,..,..,..,..,..,..,..,..,..,..,..,..,..,..,..,..,..,29.691484,27.45125933,30.49507433,20.37463433,19.56363433,21.9745,27.3523,22.3543,30.446,32.356,32.55,29.145,30.542,26.775,23.145
      Caribbean,Dry cargo loaded,..,..,..,..,..,..,..,..,..,..,..,..,..,..,..,..,..,..,..,..,..,..,..,..,..,..,..,..,..,..,..,..,..,..,..,..,19.245053,20.63379572,25.59897102,18.69708202,20.88752102,22.68667602,29.206144,23.114044,18.676739,19.275589,17.948589,17.832089,16.813414,18.606431,17.379431
      Caribbean,Total goods loaded,..,..,..,..,..,..,..,..,..,..,..,..,..,..,..,..,..,..,..,..,..,..,..,..,..,..,..,..,..,..,..,..,..,..,..,..,53.122687,54.61418116,63.62317146,42.82471635,44.20415535,48.38517602,60.411944,51.321844,50.642739,53.151589,51.919589,48.929814,48.524414,45.747542,41.524431
      Caribbean,Crude oil discharged,..,..,..,..,..,..,..,..,..,..,..,..,..,..,..,..,..,..,..,..,..,..,..,..,..,..,..,..,..,..,..,..,..,..,..,..,30.273466,35.9272832,33.1592,31.452286,32.151446,33.618886,35.371738,33.727852,33.272852,33.522852,29.079852,24.3182,19.3462,16.7297,13.6297
      Caribbean,Other tanker trade discharged,..,..,..,..,..,..,..,..,..,..,..,..,..,..,..,..,..,..,..,..,..,..,..,..,..,..,..,..,..,..,..,..,..,..,..,..,18.349002,16.84517438,18.35548638,20.15635138,20.79165238,16.348392,17.72062838,15.27415538,14.12771538,15.32185538,15.23985538,23.74874638,26.78574638,26.41871338,28.66871338
      Caribbean,Dry cargo discharged,..,..,..,..,..,..,..,..,..,..,..,..,..,..,..,..,..,..,..,..,..,..,..,..,..,..,..,..,..,..,..,..,..,..,..,..,20.736704,21.21685051,28.356405,19.921794,23.232764,28.323092,34.595876,28.581596,32.526434,32.560434,34.200434,32.624759,32.615609,31.598289,30.597859
      Caribbean,Total goods discharged,..,..,..,..,..,..,..,..,..,..,..,..,..,..,..,..,..,..,..,..,..,..,..,..,..,..,..,..,..,..,..,..,..,..,..,..,69.359172,73.98930809,79.87109138,71.53043138,76.17586238,78.29037,87.68824238,77.58360338,79.92700138,81.40514138,78.52014138,80.69170538,78.74755538,74.74670238,72.89627238
      Central America,Crude oil loaded,..,..,..,..,..,..,..,..,..,..,..,..,..,..,..,..,..,..,..,..,..,..,..,..,..,..,..,..,..,..,..,..,..,..,..,..,104.257448,93.917842,81.56652,71.325,75.3533,76.3773,74.025,61.025,58.125,60.1,66.171125,69.271254,65.389,70.068,69.7
      Central America,Other tanker trade loaded,..,..,..,..,..,..,..,..,..,..,..,..,..,..,..,..,..,..,..,..,..,..,..,..,..,..,..,..,..,..,..,..,..,..,..,..,4.91,4.934813,10.512192,7.03,7.061348,9.702,8.053,12.052,7.67,10.75,9.906,9.9678,12.9073,7.7269,7.7663
      Central America,Dry cargo loaded,..,..,..,..,..,..,..,..,..,..,..,..,..,..,..,..,..,..,..,..,..,..,..,..,..,..,..,..,..,..,..,..,..,..,..,..,54.309335,54.584658,58.84075,52.264054,66.012997,66.285911,71.335028,97.412473,84.819,83.384,68.516875,75.454372,80.496797,82.877317,80.983577
      Central America,Total goods loaded,..,..,..,..,..,..,..,..,..,..,..,..,..,..,..,..,..,..,..,..,..,..,..,..,..,..,..,..,..,..,..,..,..,..,..,..,163.476783,153.437313,150.919462,130.619054,148.427645,152.365211,153.413028,170.489473,150.614,154.234,144.594,154.693426,158.793097,160.672217,158.449877
      Central America,Crude oil discharged,..,..,..,..,..,..,..,..,..,..,..,..,..,..,..,..,..,..,..,..,..,..,..,..,..,..,..,..,..,..,..,..,..,..,..,..,2.399,2.92194,2.5048,2.15181,2.3362,2.108,1.959508,0.53615,0.53215,0.672,0,0.8,1.475,0.7254,0.6354
      Central America,Other tanker trade discharged,..,..,..,..,..,..,..,..,..,..,..,..,..,..,..,..,..,..,..,..,..,..,..,..,..,..,..,..,..,..,..,..,..,..,..,..,25.347711,27.680761,28.640809,26.596868,28.877358,31.132,30.43495,40.2516,36.075,38.2636,50.049,56.74095,60.9057,62.7146,49.9036
      Central America,Dry cargo discharged,..,..,..,..,..,..,..,..,..,..,..,..,..,..,..,..,..,..,..,..,..,..,..,..,..,..,..,..,..,..,..,..,..,..,..,..,80.777126,81.870388,75.149174,67.311007,74.928357,92.907587,105.400048,108.146957,99.31317,104.9278,108.9128,118.835736,122.562236,123.608236,119.9458
      Central America,Total goods discharged,..,..,..,..,..,..,..,..,..,..,..,..,..,..,..,..,..,..,..,..,..,..,..,..,..,..,..,..,..,..,..,..,..,..,..,..,108.523837,112.473089,106.294783,96.059685,106.141915,126.147587,137.794506,148.934707,135.92032,143.8634,158.9618,176.376686,184.942936,187.048236,170.4848
      South America,Crude oil loaded,..,..,..,..,..,..,..,..,..,..,..,..,..,..,..,..,..,..,..,..,..,..,..,..,..,..,..,..,..,..,..,..,..,..,..,..,142.873374,151.82641,145.4871806,150.6373,151.8464566,173.7276,175.431307,173.092,172.956,161.856,164.898,153.97,134.059,151.511,129.761
      South America,Other tanker trade loaded,..,..,..,..,..,..,..,..,..,..,..,..,..,..,..,..,..,..,..,..,..,..,..,..,..,..,..,..,..,..,..,..,..,..,..,..,59.278,58.2667864,52.0112522,46.56832,46.6001426,46.30675,50.54075,35.40395,38.312,40.712,38.462,32.818,45.201,46.8113,44.7283
      South America,Dry cargo loaded,..,..,..,..,..,..,..,..,..,..,..,..,..,..,..,..,..,..,..,..,..,..,..,..,..,..,..,..,..,..,..,..,..,..,..,..,611.966783,648.9610279,696.1858602,659.1530062,738.4915308,812.9578755,842.8213465,833.350462,888.440462,941.601462,954.800294,973.388462,998.809062,1001.820536,994.731536
      South America,Total goods loaded,..,..,..,..,..,..,..,..,..,..,..,..,..,..,..,..,..,..,..,..,..,..,..,..,..,..,..,..,..,..,..,..,..,..,..,..,814.118157,859.0542243,893.684293,856.3586262,936.93813,1032.992225,1068.793403,1041.846412,1099.708462,1144.169462,1158.160294,1160.176462,1178.069062,1200.142836,1169.220836
      South America,Crude oil discharged,..,..,..,..,..,..,..,..,..,..,..,..,..,..,..,..,..,..,..,..,..,..,..,..,..,..,..,..,..,..,..,..,..,..,..,..,31.076,37.154482,38.5536,30.74672,34.81272,35.36,37.2688,35.11,31.317,31.567,22.841,22.391,26.25,27.59236,25.37736
      South America,Other tanker trade discharged,..,..,..,..,..,..,..,..,..,..,..,..,..,..,..,..,..,..,..,..,..,..,..,..,..,..,..,..,..,..,..,..,..,..,..,..,18.017976,19.50911,22.8812831,26.799676,26.9329831,26.389176,35.417564,33.84212,49.60412,48.53412,62.9455,60.93412,61.55882,54.59732,51.40832
      South America,Dry cargo discharged,..,..,..,..,..,..,..,..,..,..,..,..,..,..,..,..,..,..,..,..,..,..,..,..,..,..,..,..,..,..,..,..,..,..,..,..,162.161754,172.8171933,185.2362134,146.7694604,164.4731174,204.6293024,234.2246849,259.95194,274.93694,284.18994,242.705076,267.779187,286.576187,277.391247,269.950471
      South America,Total goods discharged,..,..,..,..,..,..,..,..,..,..,..,..,..,..,..,..,..,..,..,..,..,..,..,..,..,..,..,..,..,..,..,..,..,..,..,..,211.25573,229.4807853,246.6710965,204.3158564,226.2188205,266.3784784,306.9110489,328.90406,355.85806,364.29106,328.491576,351.104307,374.385007,359.580927,346.736151
  Asia,Crude oil loaded,..,..,..,..,..,..,..,..,..,..,..,..,..,..,..,..,..,..,..,..,..,..,..,..,..,..,..,..,..,..,..,..,..,..,..,..,925.243286,942.3872238,905.1692191,874.4787191,935.1439191,907.8498191,905.8342351,909.4511471,899.4260191,948.0750191,999.1250191,997.066527,971.470409,880.108,851.822
  Asia,Other tanker trade loaded,..,..,..,..,..,..,..,..,..,..,..,..,..,..,..,..,..,..,..,..,..,..,..,..,..,..,..,..,..,..,..,..,..,..,..,..,368.987748,374.5398756,362.6434827,367.7729377,375.3926447,405.0552337,412.6167987,449.0227447,481.1085097,530.9275097,606.7141107,608.3926,623.144939,664.23,624.133
  Asia,Dry cargo loaded,..,..,..,..,..,..,..,..,..,..,..,..,..,..,..,..,..,..,..,..,..,..,..,..,..,..,..,..,..,..,..,..,..,..,..,..,1960.066089,2094.561631,2137.737641,1989.534245,2074.455628,2196.569259,2370.327719,2525.219779,2662.052325,2617.654654,2653.31686,2812.017829,2919.22755,2976.56736,2918.83337
  Asia,Total goods loaded,..,..,..,..,..,..,..,..,..,..,..,..,..,..,..,..,..,..,..,..,..,..,..,..,..,..,..,..,..,..,..,..,..,..,..,..,3254.297123,3411.48873,3405.550343,3231.785902,3384.992192,3509.474312,3688.778753,3883.693671,4042.586854,4096.657183,4259.15599,4417.476956,4513.842898,4520.90536,4394.78837
  Asia,Crude oil discharged,..,..,..,..,..,..,..,..,..,..,..,..,..,..,..,..,..,..,..,..,..,..,..,..,..,..,..,..,..,..,..,..,..,..,..,..,765.984167,833.949256,820.2982843,827.0689923,857.7176113,884.9567313,916.6658883,956.7144833,971.6080233,999.4680233,1097.091023,1151.15736,1193.5841,1201.895,1196.3731
  Asia,Other tanker trade discharged,..,..,..,..,..,..,..,..,..,..,..,..,..,..,..,..,..,..,..,..,..,..,..,..,..,..,..,..,..,..,..,..,..,..,..,..,337.896794,349.941285,380.351399,372.942605,411.395345,442.645574,457.846884,475.259533,480.922533,556.144428,611.079428,641.8625,672.7712,674.738,675.862
  Asia,Dry cargo discharged,..,..,..,..,..,..,..,..,..,..,..,..,..,..,..,..,..,..,..,..,..,..,..,..,..,..,..,..,..,..,..,..,..,..,..,..,2677.81319,2869.177242,3074.512021,3116.42402,3361.516104,3562.53212,3819.894512,4120.864403,4304.55138,4343.301698,4476.599898,4743.486615,4873.320983,5038.170183,5093.568183
  Asia,Total goods discharged,..,..,..,..,..,..,..,..,..,..,..,..,..,..,..,..,..,..,..,..,..,..,..,..,..,..,..,..,..,..,..,..,..,..,..,..,3781.694151,4053.067783,4275.161705,4316.435618,4630.629061,4890.134426,5194.407285,5552.83842,5757.081937,5898.91415,6184.77035,6536.506475,6739.676283,6914.803183,6965.803283
    Eastern Asia,Crude oil loaded,..,..,..,..,..,..,..,..,..,..,..,..,..,..,..,..,..,..,..,..,..,..,..,..,..,..,..,..,..,..,..,..,..,..,..,..,8.067,5.5056,3.2,4.7,2.5,2,7.238,4,6.7,9.3,14.344,20.1,16.232,15.15,15.85
    Eastern Asia,Other tanker trade loaded,..,..,..,..,..,..,..,..,..,..,..,..,..,..,..,..,..,..,..,..,..,..,..,..,..,..,..,..,..,..,..,..,..,..,..,..,66.33,71.069513,74.875,87.0297,91.7027,77.5347,94.872,102.751,101.301,110.501,156.701,187.651,191.4,195.85,181.65
    Eastern Asia,Dry cargo loaded,..,..,..,..,..,..,..,..,..,..,..,..,..,..,..,..,..,..,..,..,..,..,..,..,..,..,..,..,..,..,..,..,..,..,..,..,868.394535,906.098422,886.8036,743.67757,789.309545,826.47082,859.01,978.254,1086.904,1103.204,1107.44,1111.39,1177.937,1161.1745,1145.2745
    Eastern Asia,Total goods loaded,..,..,..,..,..,..,..,..,..,..,..,..,..,..,..,..,..,..,..,..,..,..,..,..,..,..,..,..,..,..,..,..,..,..,..,..,942.791535,982.673535,964.8786,835.40727,883.512245,906.00552,961.12,1085.005,1194.905,1223.005,1278.485,1319.141,1385.569,1372.1745,1342.7745
    Eastern Asia,Crude oil discharged,..,..,..,..,..,..,..,..,..,..,..,..,..,..,..,..,..,..,..,..,..,..,..,..,..,..,..,..,..,..,..,..,..,..,..,..,495.964,532.924,558.1908,526.0548,547.06083,569.566,602.099,606.564,624.036,639.446,661.863,729.663,750.35,783.335,798.235
    Eastern Asia,Other tanker trade discharged,..,..,..,..,..,..,..,..,..,..,..,..,..,..,..,..,..,..,..,..,..,..,..,..,..,..,..,..,..,..,..,..,..,..,..,..,162.614,164.055,180.5649,189.709335,211.887335,232.851,251.271,271.451,248.851,269.851,289.473,328.843,348.243,345.743,366.62
    Eastern Asia,Dry cargo discharged,..,..,..,..,..,..,..,..,..,..,..,..,..,..,..,..,..,..,..,..,..,..,..,..,..,..,..,..,..,..,..,..,..,..,..,..,1759.208992,1896.667,1980.4322,2068.946519,2292.140434,2416.632674,2669.687674,2922.070674,3027.839304,2989.929304,3036.583,3206.9744,3276.108,3421.0624,3502.2624
    Eastern Asia,Total goods discharged,..,..,..,..,..,..,..,..,..,..,..,..,..,..,..,..,..,..,..,..,..,..,..,..,..,..,..,..,..,..,..,..,..,..,..,..,2417.786992,2593.646,2719.1879,2784.710654,3051.088599,3219.049674,3523.057674,3800.085674,3900.726304,3899.226304,3987.919,4265.4804,4374.701,4550.1404,4667.1174
    South-eastern Asia,Crude oil loaded,..,..,..,..,..,..,..,..,..,..,..,..,..,..,..,..,..,..,..,..,..,..,..,..,..,..,..,..,..,..,..,..,..,..,..,..,59.817,56.353,58.0662,47.659,67.8262,57.8512,50.756216,48.141128,46.801,49.85,50.317,49.36,43.634409,36.399,37.089
    South-eastern Asia,Other tanker trade loaded,..,..,..,..,..,..,..,..,..,..,..,..,..,..,..,..,..,..,..,..,..,..,..,..,..,..,..,..,..,..,..,..,..,..,..,..,96.483,98.222,75.84436,94.74636,80.21,129.658,94.595019,126.216907,132.310907,133.210907,128.9572,129.3426,131.201939,157.009,160.209
    South-eastern Asia,Dry cargo loaded,..,..,..,..,..,..,..,..,..,..,..,..,..,..,..,..,..,..,..,..,..,..,..,..,..,..,..,..,..,..,..,..,..,..,..,..,721.504565,779.256561,837.550293,840.507958,812.26783,858.562699,998.584664,1037.710864,1002.590739,950.097739,944.365799,1041.04585,1059.780489,1097.9498,1087.05581
    South-eastern Asia,Total goods loaded,..,..,..,..,..,..,..,..,..,..,..,..,..,..,..,..,..,..,..,..,..,..,..,..,..,..,..,..,..,..,..,..,..,..,..,..,877.804565,933.831561,971.460853,982.913318,960.30403,1046.071899,1143.935899,1212.068899,1181.702646,1133.158646,1123.639999,1219.74845,1234.616837,1291.3578,1284.35381
    South-eastern Asia,Crude oil discharged,..,..,..,..,..,..,..,..,..,..,..,..,..,..,..,..,..,..,..,..,..,..,..,..,..,..,..,..,..,..,..,..,..,..,..,..,114.379167,131.286,114.56375,115.15495,122.60555,128.792,111.708865,123.74946,118.434,124.634,142.74,136.414,146.5401,136.29,132.99
    South-eastern Asia,Other tanker trade discharged,..,..,..,..,..,..,..,..,..,..,..,..,..,..,..,..,..,..,..,..,..,..,..,..,..,..,..,..,..,..,..,..,..,..,..,..,94.441494,102.622689,107.97455,90.69765,107.1421,119.7849,102.002376,103.811875,127.432875,165.729025,160.856025,151.074,163.067,170.3,161.3
    South-eastern Asia,Dry cargo discharged,..,..,..,..,..,..,..,..,..,..,..,..,..,..,..,..,..,..,..,..,..,..,..,..,..,..,..,..,..,..,..,..,..,..,..,..,327.098354,333.281885,348.76198,332.319488,335.035057,358.993422,373.005427,414.938217,460.92404,496.16404,606.220015,620.12996,637.509,640.299,643.299
    South-eastern Asia,Total goods discharged,..,..,..,..,..,..,..,..,..,..,..,..,..,..,..,..,..,..,..,..,..,..,..,..,..,..,..,..,..,..,..,..,..,..,..,..,535.919015,567.190574,571.30028,538.172088,564.782707,607.570322,586.716668,642.499552,706.790915,786.527065,909.81604,907.61796,947.1161,946.889,937.589
    Southern Asia,Crude oil loaded,..,..,..,..,..,..,..,..,..,..,..,..,..,..,..,..,..,..,..,..,..,..,..,..,..,..,..,..,..,..,..,..,..,..,..,..,124.185762,122.630151,127.488,102.9,120.65,110.5,63,55,48.215,50.215,93.1,106.437,88.587,56.359,40.359
    Southern Asia,Other tanker trade loaded,..,..,..,..,..,..,..,..,..,..,..,..,..,..,..,..,..,..,..,..,..,..,..,..,..,..,..,..,..,..,..,..,..,..,..,..,45.097,46.9541466,48.033775,47.35539,46.172807,49.673807,63.756692,82.230692,78.601692,87.101692,84.4,79.127,87.23,91.696,84.996
    Southern Asia,Dry cargo loaded,..,..,..,..,..,..,..,..,..,..,..,..,..,..,..,..,..,..,..,..,..,..,..,..,..,..,..,..,..,..,..,..,..,..,..,..,189.623231,197.168426,200.245752,204.490752,262.989305,258.337794,246.02244,231.99844,244.03044,231.11044,206.24986,180.48586,184.82786,216.82086,217.82086
    Southern Asia,Total goods loaded,..,..,..,..,..,..,..,..,..,..,..,..,..,..,..,..,..,..,..,..,..,..,..,..,..,..,..,..,..,..,..,..,..,..,..,..,358.905993,366.7527236,375.767527,354.746142,429.812112,418.511601,372.779132,369.229132,370.847132,368.427132,383.74986,366.04986,360.64486,364.87586,343.17586
    Southern Asia,Crude oil discharged,..,..,..,..,..,..,..,..,..,..,..,..,..,..,..,..,..,..,..,..,..,..,..,..,..,..,..,..,..,..,..,..,..,..,..,..,118.516,125.25,105.5154,152.744012,153.97436,153.65636,169.54736,194.99536,198.80736,202.10736,243.00736,231.05436,245.4,234.2,229.2
    Southern Asia,Other tanker trade discharged,..,..,..,..,..,..,..,..,..,..,..,..,..,..,..,..,..,..,..,..,..,..,..,..,..,..,..,..,..,..,..,..,..,..,..,..,26.1052,27.5415,32.574508,34.97259,34.091935,30.232435,36.141755,30.623755,30.923755,36.4745,83.9745,67.3925,66.6955,80.25,74.85
    Southern Asia,Dry cargo discharged,..,..,..,..,..,..,..,..,..,..,..,..,..,..,..,..,..,..,..,..,..,..,..,..,..,..,..,..,..,..,..,..,..,..,..,..,238.8758,264.132717,370.019612,385.403398,391.02819,408.638274,378.864208,366.868208,387.307678,401.047678,361.341493,440.689493,466.183493,474.068293,460.068293
    Southern Asia,Total goods discharged,..,..,..,..,..,..,..,..,..,..,..,..,..,..,..,..,..,..,..,..,..,..,..,..,..,..,..,..,..,..,..,..,..,..,..,..,383.497,416.924217,508.10952,573.12,579.094485,592.527069,584.553323,592.487323,617.038793,639.629538,688.323353,739.136353,778.278993,788.518293,764.118293
    Western Asia,Crude oil loaded,..,..,..,..,..,..,..,..,..,..,..,..,..,..,..,..,..,..,..,..,..,..,..,..,..,..,..,..,..,..,..,..,..,..,..,..,733.173524,757.8984728,716.4150191,719.2197191,744.1677191,737.4986191,784.8400191,802.3100191,797.7100191,838.7100191,841.3640191,821.169527,823.017,772.2,758.524
    Western Asia,Other tanker trade loaded,..,..,..,..,..,..,..,..,..,..,..,..,..,..,..,..,..,..,..,..,..,..,..,..,..,..,..,..,..,..,..,..,..,..,..,..,161.077748,158.294216,163.8903477,138.6414877,157.3071377,148.1887267,159.3930877,137.8241457,168.8949107,200.1139107,236.6559107,212.272,213.313,219.675,197.278
    Western Asia,Dry cargo loaded,..,..,..,..,..,..,..,..,..,..,..,..,..,..,..,..,..,..,..,..,..,..,..,..,..,..,..,..,..,..,..,..,..,..,..,..,180.5437581,212.0382218,213.1379959,200.8579648,209.888948,253.197946,266.710615,277.256475,328.527146,333.242475,395.261201,479.096119,496.682201,500.6222,468.6822
    Western Asia,Total goods loaded,..,..,..,..,..,..,..,..,..,..,..,..,..,..,..,..,..,..,..,..,..,..,..,..,..,..,..,..,..,..,..,..,..,..,..,..,1074.79503,1128.230911,1093.443363,1058.719172,1111.363805,1138.885292,1210.943722,1217.39064,1295.132076,1372.066405,1473.281131,1512.537646,1533.012201,1492.4972,1424.4842
    Western Asia,Crude oil discharged,..,..,..,..,..,..,..,..,..,..,..,..,..,..,..,..,..,..,..,..,..,..,..,..,..,..,..,..,..,..,..,..,..,..,..,..,37.125,44.489256,42.02833426,33.11523026,34.07687126,32.94237126,33.31066326,31.40566326,30.33066326,33.28066326,49.48066326,54.026,51.294,48.07,35.9481
    Western Asia,Other tanker trade discharged,..,..,..,..,..,..,..,..,..,..,..,..,..,..,..,..,..,..,..,..,..,..,..,..,..,..,..,..,..,..,..,..,..,..,..,..,54.7361,55.722096,59.23744096,57.56302996,58.27397496,59.77723896,68.43175296,69.37290296,73.71490296,84.08990296,76.77590296,94.553,94.7657,78.445,73.092
    Western Asia,Dry cargo discharged,..,..,..,..,..,..,..,..,..,..,..,..,..,..,..,..,..,..,..,..,..,..,..,..,..,..,..,..,..,..,..,..,..,..,..,..,352.6300439,375.0956399,375.2982295,329.7546155,343.3124235,378.2677505,398.3372035,416.9873045,428.4803585,456.1606765,472.4553905,475.6927625,493.5204905,502.7404905,487.9384905
    Western Asia,Total goods discharged,..,..,..,..,..,..,..,..,..,..,..,..,..,..,..,..,..,..,..,..,..,..,..,..,..,..,..,..,..,..,..,..,..,..,..,..,444.4911439,475.3069919,476.5640047,420.4328757,435.6632697,470.9873607,500.0796197,517.7658707,532.5259247,573.5312427,598.7119567,624.2717625,639.5801905,629.2554905,596.9785905
  Europe,Crude oil loaded,..,..,..,..,..,..,..,..,..,..,..,..,..,..,..,..,..,..,..,..,..,..,..,..,..,..,..,..,..,..,..,..,..,..,..,..,219.885452,217.11357,224.006509,218.018119,231.54867,210.39573,214.464003,211.229591,218.708,229.3942,253.035299,276.029469,273.833269,246.940269,220.982269
  Europe,Other tanker trade loaded,..,..,..,..,..,..,..,..,..,..,..,..,..,..,..,..,..,..,..,..,..,..,..,..,..,..,..,..,..,..,..,..,..,..,..,..,275.207324,291.135663,295.128618,277.696789,305.911676,311.709064,327.4695488,317.5081018,307.9628668,311.045533,300.608901,313.780901,303.503901,274.038901,252.038901
  Europe,Dry cargo loaded,..,..,..,..,..,..,..,..,..,..,..,..,..,..,..,..,..,..,..,..,..,..,..,..,..,..,..,..,..,..,..,..,..,..,..,..,1002.063842,1004.977739,993.58393,957.273822,1025.628776,1051.326508,1120.752167,1141.502085,1146.188838,1167.235172,1136.290827,1157.756975,1174.785171,1078.707506,1057.707506
  Europe,Total goods loaded,..,..,..,..,..,..,..,..,..,..,..,..,..,..,..,..,..,..,..,..,..,..,..,..,..,..,..,..,..,..,..,..,..,..,..,..,1497.156618,1513.226972,1512.719057,1452.98873,1563.089122,1573.431302,1662.685719,1670.239778,1672.859705,1707.674905,1689.935027,1747.567345,1752.122341,1599.686676,1530.728676
  Europe,Crude oil discharged,..,..,..,..,..,..,..,..,..,..,..,..,..,..,..,..,..,..,..,..,..,..,..,..,..,..,..,..,..,..,..,..,..,..,..,..,541.160986,499.486837,494.151649,471.394339,481.51218,462.102499,471.8163,435.652442,434.82,487.738,475.248304,500.701304,483.286,468.101304,382.446804
  Europe,Other tanker trade discharged,..,..,..,..,..,..,..,..,..,..,..,..,..,..,..,..,..,..,..,..,..,..,..,..,..,..,..,..,..,..,..,..,..,..,..,..,284.623786,264.957045,276.006902,285.5954,284.3414,340.120089,327.269775,335.394489,310.258038,319.987988,298.663796,315.056796,299.302133,257.370976,197.280976
  Europe,Dry cargo discharged,..,..,..,..,..,..,..,..,..,..,..,..,..,..,..,..,..,..,..,..,..,..,..,..,..,..,..,..,..,..,..,..,..,..,..,..,1305.159087,1217.549826,1288.537129,1016.450233,1106.403044,1155.998602,1175.722422,1159.614951,1209.076994,1213.361994,1299.553044,1286.826853,1319.862388,1228.451853,1047.651853
  Europe,Total goods discharged,..,..,..,..,..,..,..,..,..,..,..,..,..,..,..,..,..,..,..,..,..,..,..,..,..,..,..,..,..,..,..,..,..,..,..,..,2130.943859,1981.993708,2058.69568,1773.439972,1872.256624,1958.22119,1974.808497,1930.661882,1954.155032,2021.087982,2073.465144,2102.584953,2102.450521,1953.924133,1627.379633
  Oceania,Crude oil loaded,..,..,..,..,..,..,..,..,..,..,..,..,..,..,..,..,..,..,..,..,..,..,..,..,..,..,..,..,..,..,..,..,..,..,..,..,11.058274,14.550664,17.823986,14.046372,17.86477,16.646116,16.861645,15.762058,13.582058,15.074058,15.234058,11.98,14.285,12.89,13.095
  Oceania,Other tanker trade loaded,..,..,..,..,..,..,..,..,..,..,..,..,..,..,..,..,..,..,..,..,..,..,..,..,..,..,..,..,..,..,..,..,..,..,..,..,4.434689,4.185701,4.053688,4.984578,4.71668,10.85687,21.080929,35.43316,41.97178,46.664338,49.0653,57.45907,60.517,60.926,57.757
  Oceania,Dry cargo loaded,..,..,..,..,..,..,..,..,..,..,..,..,..,..,..,..,..,..,..,..,..,..,..,..,..,..,..,..,..,..,..,..,..,..,..,..,637.169982,660.724012,723.27837,728.313957,898.767024,923.404689,970.157799,988.492101,1183.581715,1202.370384,1298.365386,1441.333934,1494.013448,1495.470248,1430.5207
  Oceania,Total goods loaded,..,..,..,..,..,..,..,..,..,..,..,..,..,..,..,..,..,..,..,..,..,..,..,..,..,..,..,..,..,..,..,..,..,..,..,..,652.662945,679.460377,745.156044,747.344907,921.348474,950.907675,1008.100373,1039.687319,1239.135553,1264.10878,1362.664744,1510.773004,1568.815448,1569.286248,1501.3727
  Oceania,Crude oil discharged,..,..,..,..,..,..,..,..,..,..,..,..,..,..,..,..,..,..,..,..,..,..,..,..,..,..,..,..,..,..,..,..,..,..,..,..,26.765658,27.539612,27.814061,21.9987,25.350452,28.044112,32.3811,27.1128,28.077305,28.300985,25.262885,27.5255,29.62,23.419,17.576
  Oceania,Other tanker trade discharged,..,..,..,..,..,..,..,..,..,..,..,..,..,..,..,..,..,..,..,..,..,..,..,..,..,..,..,..,..,..,..,..,..,..,..,..,18.267618,22.084909,24.144403,18.847423,23.841523,22.476205,24.008205,28.843205,22.911305,24.47433,20.798205,21.657205,26.53793,23.282875,17.609083
  Oceania,Dry cargo discharged,..,..,..,..,..,..,..,..,..,..,..,..,..,..,..,..,..,..,..,..,..,..,..,..,..,..,..,..,..,..,..,..,..,..,..,..,58.112603,59.545871,64.786227,68.975963,69.155334,77.409384,82.188796,91.609296,104.633423,108.252796,113.243896,96.237396,102.62731,99.614654,93.23549
  Oceania,Total goods discharged,..,..,..,..,..,..,..,..,..,..,..,..,..,..,..,..,..,..,..,..,..,..,..,..,..,..,..,..,..,..,..,..,..,..,..,..,103.145879,109.170392,116.744691,109.822086,118.347309,127.929701,138.578101,147.565301,155.622033,161.028111,159.304986,145.420101,158.78524,146.316529,128.420573
Asia and Oceania,Crude oil loaded,..,..,..,..,..,..,..,..,..,..,..,..,..,..,..,..,..,..,..,..,..,..,..,..,..,..,..,..,..,..,..,..,..,..,..,..,936.30156,956.9378878,922.9932051,888.5250911,953.0086891,924.4959351,922.6958801,925.2132051,913.0080771,963.1490771,1014.359077,1009.046527,985.755409,892.998,864.917
Asia and Oceania,Other tanker trade loaded,..,..,..,..,..,..,..,..,..,..,..,..,..,..,..,..,..,..,..,..,..,..,..,..,..,..,..,..,..,..,..,..,..,..,..,..,373.422437,378.7255766,366.6971707,372.7575157,380.1093247,415.9121037,433.6977277,484.4559047,523.0802897,577.5918477,655.7794107,665.85167,683.661939,725.156,681.89
Asia and Oceania,Dry cargo loaded,..,..,..,..,..,..,..,..,..,..,..,..,..,..,..,..,..,..,..,..,..,..,..,..,..,..,..,..,..,..,..,..,..,..,..,..,2597.236071,2755.285643,2861.016011,2717.848202,2973.222652,3119.973948,3340.485518,3513.71188,3845.63404,3820.025038,3951.682246,4253.351763,4413.240998,4472.037608,4349.35407
Asia and Oceania,Total goods loaded,..,..,..,..,..,..,..,..,..,..,..,..,..,..,..,..,..,..,..,..,..,..,..,..,..,..,..,..,..,..,..,..,..,..,..,..,3906.960068,4090.949107,4150.706387,3979.130809,4306.340666,4460.381987,4696.879126,4923.38099,5281.722407,5360.765963,5621.820734,5928.24996,6082.658346,6090.191608,5896.16107
Asia and Oceania,Crude oil discharged,..,..,..,..,..,..,..,..,..,..,..,..,..,..,..,..,..,..,..,..,..,..,..,..,..,..,..,..,..,..,..,..,..,..,..,..,792.749825,861.488868,848.1123453,849.0676923,883.0680633,913.0008433,949.0469883,983.8272833,999.6853283,1027.769008,1122.353908,1178.68286,1223.2041,1225.314,1213.9491
Asia and Oceania,Other tanker trade discharged,..,..,..,..,..,..,..,..,..,..,..,..,..,..,..,..,..,..,..,..,..,..,..,..,..,..,..,..,..,..,..,..,..,..,..,..,356.164412,372.026194,404.495802,391.790028,435.236868,465.121779,481.855089,504.102738,503.833838,580.618758,631.877633,663.519705,699.30913,698.020875,693.471083
Asia and Oceania,Dry cargo discharged,..,..,..,..,..,..,..,..,..,..,..,..,..,..,..,..,..,..,..,..,..,..,..,..,..,..,..,..,..,..,..,..,..,..,..,..,2735.925793,2928.723113,3139.298248,3185.399983,3430.671438,3639.941504,3902.083308,4212.473699,4409.184803,4451.554494,4589.843794,4839.724011,4975.948293,5137.784837,5186.803673
Asia and Oceania,Total goods discharged,..,..,..,..,..,..,..,..,..,..,..,..,..,..,..,..,..,..,..,..,..,..,..,..,..,..,..,..,..,..,..,..,..,..,..,..,3884.84003,4162.238175,4391.906396,4426.257704,4748.97637,5018.064127,5332.985386,5700.403721,5912.70397,6059.942261,6344.075336,6681.926576,6898.461523,7061.119712,7094.223856
Northern America and Europe,Crude oil loaded,..,..,..,..,..,..,..,..,..,..,..,..,..,..,..,..,..,..,..,..,..,..,..,..,..,..,..,..,..,..,..,..,..,..,..,..,242.040452,241.9641552,248.11215,241.897933,257.03497,234.650806,245.191324,244.956912,261.763233,280.449433,314.090532,349.00679,397.24059,442.49759,414.45959
Northern America and Europe,Other tanker trade loaded,..,..,..,..,..,..,..,..,..,..,..,..,..,..,..,..,..,..,..,..,..,..,..,..,..,..,..,..,..,..,..,..,..,..,..,..,361.576158,382.4374644,414.134872,401.451854,432.8593552,466.0626472,464.9145488,453.9267498,447.6451948,458.064181,442.627549,470.799549,477.003901,404.538901,361.338901
Northern America and Europe,Dry cargo loaded,..,..,..,..,..,..,..,..,..,..,..,..,..,..,..,..,..,..,..,..,..,..,..,..,..,..,..,..,..,..,..,..,..,..,..,..,1438.909316,1521.683141,1542.994505,1455.771899,1548.724351,1615.324102,1747.560023,1791.650116,1786.236089,1847.282423,1819.738314,1863.756975,1913.825171,1912.660506,1871.660506
Northern America and Europe,Total goods loaded,..,..,..,..,..,..,..,..,..,..,..,..,..,..,..,..,..,..,..,..,..,..,..,..,..,..,..,..,..,..,..,..,..,..,..,..,2042.525926,2146.08476,2205.241527,2099.121686,2238.618676,2316.037555,2457.665896,2490.533778,2495.644517,2585.796037,2576.456395,2683.563314,2788.069662,2759.696997,2647.458997
Northern America and Europe,Crude oil discharged,..,..,..,..,..,..,..,..,..,..,..,..,..,..,..,..,..,..,..,..,..,..,..,..,..,..,..,..,..,..,..,..,..,..,..,..,1042.122939,1012.998063,975.440284,916.578322,944.996565,875.141898,873.5913,791.952442,748.15886,777.07686,772.499164,766.751304,739.486,717.081304,579.426804
Northern America and Europe,Other tanker trade discharged,..,..,..,..,..,..,..,..,..,..,..,..,..,..,..,..,..,..,..,..,..,..,..,..,..,..,..,..,..,..,..,..,..,..,..,..,440.294031,421.0169946,414.877004,417.592446,419.549228,454.003927,439.361775,437.694489,412.919118,420.649068,393.464876,389.412904,390.052133,365.370976,290.580976
Northern America and Europe,Dry cargo discharged,..,..,..,..,..,..,..,..,..,..,..,..,..,..,..,..,..,..,..,..,..,..,..,..,..,..,..,..,..,..,..,..,..,..,..,..,1797.275037,1670.683483,1702.86443,1322.875802,1441.390378,1524.553229,1554.218422,1590.956951,1629.277054,1642.562054,1747.107504,1764.730853,1848.862388,1756.455853,1566.655853
Northern America and Europe,Total goods discharged,..,..,..,..,..,..,..,..,..,..,..,..,..,..,..,..,..,..,..,..,..,..,..,..,..,..,..,..,..,..,..,..,..,..,..,..,3279.692007,3104.698541,3093.181718,2657.04657,2805.936171,2853.699054,2867.171497,2820.603882,2790.355032,2840.287982,2913.071544,2920.895061,2978.400521,2838.908133,2436.663633
Eastern and South-Eastern Asia,Crude oil loaded,..,..,..,..,..,..,..,..,..,..,..,..,..,..,..,..,..,..,..,..,..,..,..,..,..,..,..,..,..,..,..,..,..,..,..,..,67.884,61.8586,61.2662,52.359,70.3262,59.8512,57.994216,52.141128,53.501,59.15,64.661,69.46,59.866409,51.549,52.939
Eastern and South-Eastern Asia,Other tanker trade loaded,..,..,..,..,..,..,..,..,..,..,..,..,..,..,..,..,..,..,..,..,..,..,..,..,..,..,..,..,..,..,..,..,..,..,..,..,162.813,169.291513,150.71936,181.77606,171.9127,207.1927,189.467019,228.967907,233.611907,243.711907,285.6582,316.9936,322.601939,352.859,341.859
Eastern and South-Eastern Asia,Dry cargo loaded,..,..,..,..,..,..,..,..,..,..,..,..,..,..,..,..,..,..,..,..,..,..,..,..,..,..,..,..,..,..,..,..,..,..,..,..,1589.8991,1685.354983,1724.353893,1584.185528,1601.577375,1685.033519,1857.594664,2015.964864,2089.494739,2053.301739,2051.805799,2152.43585,2237.717489,2259.1243,2232.33031
Eastern and South-Eastern Asia,Total goods loaded,..,..,..,..,..,..,..,..,..,..,..,..,..,..,..,..,..,..,..,..,..,..,..,..,..,..,..,..,..,..,..,..,..,..,..,..,1820.5961,1916.505096,1936.339453,1818.320588,1843.816275,1952.077419,2105.055899,2297.073899,2376.607646,2356.163646,2402.124999,2538.88945,2620.185837,2663.5323,2627.12831
Eastern and South-Eastern Asia,Crude oil discharged,..,..,..,..,..,..,..,..,..,..,..,..,..,..,..,..,..,..,..,..,..,..,..,..,..,..,..,..,..,..,..,..,..,..,..,..,610.343167,664.21,672.75455,641.20975,669.66638,698.358,713.807865,730.31346,742.47,764.08,804.603,866.077,896.8901,919.625,931.225
Eastern and South-Eastern Asia,Other tanker trade discharged,..,..,..,..,..,..,..,..,..,..,..,..,..,..,..,..,..,..,..,..,..,..,..,..,..,..,..,..,..,..,..,..,..,..,..,..,257.055494,266.677689,288.53945,280.406985,319.029435,352.6359,353.273376,375.262875,376.283875,435.580025,450.329025,479.917,511.31,516.043,527.92
Eastern and South-Eastern Asia,Dry cargo discharged,..,..,..,..,..,..,..,..,..,..,..,..,..,..,..,..,..,..,..,..,..,..,..,..,..,..,..,..,..,..,..,..,..,..,..,..,2086.307346,2229.948885,2329.19418,2401.266007,2627.175491,2775.626096,3042.693101,3337.008891,3488.763344,3486.093344,3642.803015,3827.10436,3913.617,4061.3614,4145.5614
Eastern and South-Eastern Asia,Total goods discharged,..,..,..,..,..,..,..,..,..,..,..,..,..,..,..,..,..,..,..,..,..,..,..,..,..,..,..,..,..,..,..,..,..,..,..,..,2953.706007,3160.836574,3290.48818,3322.882742,3615.871306,3826.619996,4109.774342,4442.585226,4607.517219,4685.753369,4897.73504,5173.09836,5321.8171,5497.0294,5604.7064
Western Asia and Northern Africa,Crude oil loaded,..,..,..,..,..,..,..,..,..,..,..,..,..,..,..,..,..,..,..,..,..,..,..,..,..,..,..,..,..,..,..,..,..,..,..,..,862.409407,887.5837248,849.3362211,839.2645671,866.7518921,831.2077131,912.7981361,898.5317861,865.5920191,902.1620191,899.0090191,904.769527,911.453,864.443,812.967
Western Asia and Northern Africa,Other tanker trade loaded,..,..,..,..,..,..,..,..,..,..,..,..,..,..,..,..,..,..,..,..,..,..,..,..,..,..,..,..,..,..,..,..,..,..,..,..,225.559762,220.8893,225.7471887,204.0823997,222.3171667,189.8161217,198.6217447,190.9201457,212.8315177,232.0765177,266.3741547,242.592607,241.970407,262.702607,235.027307
Western Asia and Northern Africa,Dry cargo loaded,..,..,..,..,..,..,..,..,..,..,..,..,..,..,..,..,..,..,..,..,..,..,..,..,..,..,..,..,..,..,..,..,..,..,..,..,265.7696081,294.550814,292.6727489,273.0179668,288.394812,339.317881,357.748143,378.234252,424.115555,415.355884,478.346564,567.224772,602.102854,616.418353,582.478353
Western Asia and Northern Africa,Total goods loaded,..,..,..,..,..,..,..,..,..,..,..,..,..,..,..,..,..,..,..,..,..,..,..,..,..,..,..,..,..,..,..,..,..,..,..,..,1353.738777,1403.023839,1367.756159,1316.364934,1377.463871,1360.341716,1469.168024,1467.686184,1502.539092,1549.594421,1643.729738,1714.586906,1755.526261,1743.56396,1630.47266
Western Asia and Northern Africa,Crude oil discharged,..,..,..,..,..,..,..,..,..,..,..,..,..,..,..,..,..,..,..,..,..,..,..,..,..,..,..,..,..,..,..,..,..,..,..,..,43.097803,52.017505,53.33233426,45.35853026,45.34127126,41.09237126,42.27666326,41.17166326,37.73066326,40.98066326,58.97866326,65.611,65.272,57.425,42.2031
Western Asia and Northern Africa,Other tanker trade discharged,..,..,..,..,..,..,..,..,..,..,..,..,..,..,..,..,..,..,..,..,..,..,..,..,..,..,..,..,..,..,..,..,..,..,..,..,68.56337326,70.7049,76.38004796,72.59228196,73.41498996,75.65423896,83.38463296,91.46278296,105.096783,113.264903,105.362536,127.161,130.7937,121.373,112.02
Western Asia and Northern Africa,Dry cargo discharged,..,..,..,..,..,..,..,..,..,..,..,..,..,..,..,..,..,..,..,..,..,..,..,..,..,..,..,..,..,..,..,..,..,..,..,..,495.8582818,531.6544771,530.4241985,492.7812165,521.4002515,513.4712665,541.8900675,566.7172865,596.7432445,644.2304425,658.3297795,654.5084855,677.2666135,693.3566135,664.6546135
Western Asia and Northern Africa,Total goods discharged,..,..,..,..,..,..,..,..,..,..,..,..,..,..,..,..,..,..,..,..,..,..,..,..,..,..,..,..,..,..,..,..,..,..,..,..,607.519458,654.3768821,660.1365807,610.7320287,640.1565127,630.2178767,667.5513637,699.3517327,739.5706907,798.4760087,822.6709787,847.2804855,873.3323135,872.1546135,818.8777135
Developing regions (M49),Crude oil loaded,..,..,..,..,..,..,..,..,..,..,..,..,..,..,..,..,..,..,..,..,..,..,..,..,..,..,..,..,..,..,..,..,..,..,..,..,1531.521418,1558.375838,1520.021328,1455.294802,1510.877371,1500.984929,1524.693475,1478.287172,1437.808077,1466.771077,1504.478722,1515.185026,1471.234409,1406.67511,1290.099999
Developing regions (M49),Other tanker trade loaded,..,..,..,..,..,..,..,..,..,..,..,..,..,..,..,..,..,..,..,..,..,..,..,..,..,..,..,..,..,..,..,..,..,..,..,..,539.117294,532.8607793,518.2486482,505.649648,506.0637146,534.6317637,554.7451947,588.0163817,621.3651187,667.6966767,742.8282377,746.379577,774.756101,825.545865,772.030965
Developing regions (M49),Dry cargo loaded,..,..,..,..,..,..,..,..,..,..,..,..,..,..,..,..,..,..,..,..,..,..,..,..,..,..,..,..,..,..,..,..,..,..,..,..,2779.012263,2949.668624,3061.957452,2857.850735,3055.046416,3278.810771,3478.897192,3675.00039,3847.978766,3852.615129,3886.246613,4073.23586,4222.332129,4335.06742,4268.790142
Developing regions (M49),Total goods loaded,..,..,..,..,..,..,..,..,..,..,..,..,..,..,..,..,..,..,..,..,..,..,..,..,..,..,..,..,..,..,..,..,..,..,..,..,4849.650975,5040.905241,5100.227428,4818.795185,5071.987502,5314.427464,5558.335862,5741.303943,5907.151961,5987.082882,6133.553572,6334.800463,6468.322639,6567.288395,6330.921106
Developing regions (M49),Crude oil discharged,..,..,..,..,..,..,..,..,..,..,..,..,..,..,..,..,..,..,..,..,..,..,..,..,..,..,..,..,..,..,..,..,..,..,..,..,658.26488,742.9187362,685.4023843,745.7775803,777.4486253,807.2106173,833.5811343,873.9391853,885.5022303,915.3857603,997.9087603,1054.17906,1116.6533,1120.73046,1131.15746
Developing regions (M49),Other tanker trade discharged,..,..,..,..,..,..,..,..,..,..,..,..,..,..,..,..,..,..,..,..,..,..,..,..,..,..,..,..,..,..,..,..,..,..,..,..,354.9153323,374.8197544,405.8977584,389.0133823,421.8286954,454.40214,496.1484323,524.2988773,565.2687603,640.9485403,734.9581473,788.6294044,839.0552604,857.2028244,851.7290324
Developing regions (M49),Dry cargo discharged,..,..,..,..,..,..,..,..,..,..,..,..,..,..,..,..,..,..,..,..,..,..,..,..,..,..,..,..,..,..,..,..,..,..,..,..,2657.190572,2882.219272,3111.033153,3243.402337,3471.285294,3694.323218,3990.055362,4294.799077,4482.180693,4579.257213,4675.482314,4954.280326,5120.742068,5298.888952,5403.002787
Developing regions (M49),Total goods discharged,..,..,..,..,..,..,..,..,..,..,..,..,..,..,..,..,..,..,..,..,..,..,..,..,..,..,..,..,..,..,..,..,..,..,..,..,3670.370785,3999.957763,4202.333296,4378.1933,4670.562615,4955.935975,5319.784929,5693.03714,5932.951684,6135.591514,6408.349222,6797.088791,7076.450629,7276.822237,7385.88928
Developed regions (M49),Crude oil loaded,..,..,..,..,..,..,..,..,..,..,..,..,..,..,..,..,..,..,..,..,..,..,..,..,..,..,..,..,..,..,..,..,..,..,..,..,251.893566,255.3096592,264.82762,254.844074,273.714624,249.995806,260.731853,259.386912,273.893233,293.979433,327.780532,359.38679,409.81559,453.58759,425.85959
Developed regions (M49),Other tanker trade loaded,..,..,..,..,..,..,..,..,..,..,..,..,..,..,..,..,..,..,..,..,..,..,..,..,..,..,..,..,..,..,..,..,..,..,..,..,375.792564,400.7989954,438.908877,425.491562,461.6527152,493.8426472,499.9632278,502.5660728,500.1345178,510.353504,495.278549,532.635549,544.993901,477.103901,430.270901
Developed regions (M49),Dry cargo loaded,..,..,..,..,..,..,..,..,..,..,..,..,..,..,..,..,..,..,..,..,..,..,..,..,..,..,..,..,..,..,..,..,..,..,..,..,2224.769909,2339.216651,2423.565205,2318.978586,2593.568968,2680.287384,2878.349815,2949.66901,3135.263766,3221.7101,3290.001314,3487.066975,3596.017871,3572.553206,3461.227206
Developed regions (M49),Total goods loaded,..,..,..,..,..,..,..,..,..,..,..,..,..,..,..,..,..,..,..,..,..,..,..,..,..,..,..,..,..,..,..,..,..,..,..,..,2852.456039,2995.325305,3127.301702,2999.314222,3328.936307,3424.125837,3639.044896,3711.621995,3909.291517,4026.043037,4113.060395,4379.089314,4550.827362,4503.244697,4317.357697
Developed regions (M49),Crude oil discharged,..,..,..,..,..,..,..,..,..,..,..,..,..,..,..,..,..,..,..,..,..,..,..,..,..,..,..,..,..,..,..,..,..,..,..,..,1281.625097,1253.274175,1257.387145,1128.819442,1161.936517,1089.80481,1096.4257,1007.825542,964.65396,994.57196,987.563164,979.275304,932.15,902.026304,732.459904
Developed regions (M49),Other tanker trade discharged,..,..,..,..,..,..,..,..,..,..,..,..,..,..,..,..,..,..,..,..,..,..,..,..,..,..,..,..,..,..,..,..,..,..,..,..,542.259544,526.7997986,526.877202,533.685204,548.896546,584.904927,559.694775,566.365489,522.290118,534.520068,499.807876,499.255904,499.495133,463.283976,370.247976
Developed regions (M49),Dry cargo discharged,..,..,..,..,..,..,..,..,..,..,..,..,..,..,..,..,..,..,..,..,..,..,..,..,..,..,..,..,..,..,..,..,..,..,..,..,2408.428943,2283.270657,2308.348061,1800.713749,1982.760916,2071.711317,2139.395422,2216.022851,2300.057954,2300.042954,2407.434604,2411.379253,2508.651078,2412.944943,2142.466143
Developed regions (M49),Total goods discharged,..,..,..,..,..,..,..,..,..,..,..,..,..,..,..,..,..,..,..,..,..,..,..,..,..,..,..,..,..,..,..,..,..,..,..,..,4232.313584,4063.344631,4092.612408,3463.218395,3693.593979,3746.421054,3795.515897,3790.213882,3787.002032,3829.134982,3894.805644,3889.910461,3940.296211,3778.255223,3245.174023
Developing economies: Asia and Oceania,Crude oil loaded,..,..,..,..,..,..,..,..,..,..,..,..,..,..,..,..,..,..,..,..,..,..,..,..,..,..,..,..,..,..,..,..,..,..,..,..,926.448446,943.5923838,906.2777351,875.5789501,936.3290351,909.1509351,907.1553511,910.7832051,900.8780771,949.6190771,1000.669077,998.666527,973.180409,881.908,853.517
Developing economies: Asia and Oceania,Other tanker trade loaded,..,..,..,..,..,..,..,..,..,..,..,..,..,..,..,..,..,..,..,..,..,..,..,..,..,..,..,..,..,..,..,..,..,..,..,..,359.206031,360.3640456,341.9231657,348.7178077,351.3159647,388.1321037,398.6490487,435.8165817,470.5909667,525.3025247,603.1284107,604.01567,615.671939,652.591,612.958
Developing economies: Asia and Oceania,Dry cargo loaded,..,..,..,..,..,..,..,..,..,..,..,..,..,..,..,..,..,..,..,..,..,..,..,..,..,..,..,..,..,..,..,..,..,..,..,..,1811.375478,1937.752133,1980.445311,1854.641515,1928.378035,2055.010666,2209.695726,2355.692986,2496.606363,2445.597361,2481.419246,2630.041763,2731.048298,2812.144908,2759.78737
Developing economies: Asia and Oceania,Total goods loaded,..,..,..,..,..,..,..,..,..,..,..,..,..,..,..,..,..,..,..,..,..,..,..,..,..,..,..,..,..,..,..,..,..,..,..,..,3097.029955,3241.708562,3228.646212,3078.938273,3216.023035,3352.293705,3515.500126,3702.292773,3868.075407,3920.518963,4085.216734,4232.72396,4319.900646,4346.643908,4226.26237
Developing economies: Asia and Oceania,Crude oil discharged,..,..,..,..,..,..,..,..,..,..,..,..,..,..,..,..,..,..,..,..,..,..,..,..,..,..,..,..,..,..,..,..,..,..,..,..,553.247667,621.212756,566.1654843,636.8265723,666.1281113,698.3379313,726.2125883,767.9541833,783.1902283,810.2739083,907.2899083,966.15886,1030.5401,1040.369,1060.916
Developing economies: Asia and Oceania,Other tanker trade discharged,..,..,..,..,..,..,..,..,..,..,..,..,..,..,..,..,..,..,..,..,..,..,..,..,..,..,..,..,..,..,..,..,..,..,..,..,254.198899,266.24339,292.495604,275.69727,305.88955,334.220779,361.522089,375.431738,394.462838,466.747758,525.534633,553.676705,589.86613,600.107875,613.804083
Developing economies: Asia and Oceania,Dry cargo discharged,..,..,..,..,..,..,..,..,..,..,..,..,..,..,..,..,..,..,..,..,..,..,..,..,..,..,..,..,..,..,..,..,..,..,..,..,2124.771887,2316.135939,2533.814617,2707.562036,2889.3009,3092.783416,3316.906308,3587.407799,3738.403903,3794.073594,3929.516694,4193.075611,4316.159603,4481.295747,4610.993383
Developing economies: Asia and Oceania,Total goods discharged,..,..,..,..,..,..,..,..,..,..,..,..,..,..,..,..,..,..,..,..,..,..,..,..,..,..,..,..,..,..,..,..,..,..,..,..,2932.218453,3203.592085,3392.475706,3620.085879,3861.318562,4125.342127,4404.640986,4730.793721,4916.05697,5071.095261,5362.341236,5712.911176,5936.565833,6121.772622,6285.713466
Developing economies: Asia,Crude oil loaded,..,..,..,..,..,..,..,..,..,..,..,..,..,..,..,..,..,..,..,..,..,..,..,..,..,..,..,..,..,..,..,..,..,..,..,..,925.243286,942.3872238,905.1692191,874.4787191,935.1439191,907.8498191,905.8342351,909.4511471,899.4260191,948.0750191,999.1250191,997.066527,971.470409,880.108,851.822
Developing economies: Asia,Other tanker trade loaded,..,..,..,..,..,..,..,..,..,..,..,..,..,..,..,..,..,..,..,..,..,..,..,..,..,..,..,..,..,..,..,..,..,..,..,..,358.970961,360.1289756,341.6926957,348.4989377,350.9206447,387.6362337,398.1067987,435.1717447,466.5075097,517.5265097,594.9631107,595.7566,607.909939,644.63,605.833
Developing economies: Asia,Dry cargo loaded,..,..,..,..,..,..,..,..,..,..,..,..,..,..,..,..,..,..,..,..,..,..,..,..,..,..,..,..,..,..,..,..,..,..,..,..,1806.937408,1933.314063,1975.688641,1849.764245,1923.249628,2049.786259,2204.362719,2350.255779,2491.638325,2440.640654,2476.66886,2625.484829,2725.99455,2806.63436,2754.54037
Developing economies: Asia,Total goods loaded,..,..,..,..,..,..,..,..,..,..,..,..,..,..,..,..,..,..,..,..,..,..,..,..,..,..,..,..,..,..,..,..,..,..,..,..,3091.151655,3235.830262,3222.550556,3072.741902,3209.314192,3345.272312,3508.303753,3694.878671,3857.571854,3906.242183,4070.75699,4218.307956,4305.374898,4331.37236,4212.19537
Developing economies: Asia,Crude oil discharged,..,..,..,..,..,..,..,..,..,..,..,..,..,..,..,..,..,..,..,..,..,..,..,..,..,..,..,..,..,..,..,..,..,..,..,..,552.727167,620.692256,565.6482843,636.3215723,665.6096113,697.8262313,725.7298883,767.3644833,782.5360233,809.5960233,906.6020233,965.56836,1029.6951,1039.625,1060.225
Developing economies: Asia,Other tanker trade discharged,..,..,..,..,..,..,..,..,..,..,..,..,..,..,..,..,..,..,..,..,..,..,..,..,..,..,..,..,..,..,..,..,..,..,..,..,249.430794,261.475285,287.549399,270.673065,300.760345,329.074574,356.255884,370.088533,390.151533,462.373428,521.136428,549.5195,584.8282,595.625,609.635
Developing economies: Asia,Dry cargo discharged,..,..,..,..,..,..,..,..,..,..,..,..,..,..,..,..,..,..,..,..,..,..,..,..,..,..,..,..,..,..,..,..,..,..,..,..,2116.895291,2308.259343,2525.716021,2699.40444,2881.076104,3084.41862,3308.514512,3578.963403,3730.34738,3785.997698,3921.034798,4185.319215,4307.953983,4472.702783,4602.572783
Developing economies: Asia,Total goods discharged,..,..,..,..,..,..,..,..,..,..,..,..,..,..,..,..,..,..,..,..,..,..,..,..,..,..,..,..,..,..,..,..,..,..,..,..,2919.053252,3190.426884,3378.913705,3606.399078,3847.446061,4111.319426,4390.500285,4716.41642,4903.034937,5057.96715,5348.77325,5700.407075,5922.477283,6107.952783,6272.432783
Developing economies: Oceania,Crude oil loaded,..,..,..,..,..,..,..,..,..,..,..,..,..,..,..,..,..,..,..,..,..,..,..,..,..,..,..,..,..,..,..,..,..,..,..,..,1.20516,1.20516,1.108516,1.100231,1.185116,1.301116,1.321116,1.332058,1.452058,1.544058,1.544058,1.6,1.71,1.8,1.695
Developing economies: Oceania,Other tanker trade loaded,..,..,..,..,..,..,..,..,..,..,..,..,..,..,..,..,..,..,..,..,..,..,..,..,..,..,..,..,..,..,..,..,..,..,..,..,0.23507,0.23507,0.23047,0.21887,0.39532,0.49587,0.54225,0.644837,4.083457,7.776015,8.1653,8.25907,7.762,7.961,7.125
Developing economies: Oceania,Dry cargo loaded,..,..,..,..,..,..,..,..,..,..,..,..,..,..,..,..,..,..,..,..,..,..,..,..,..,..,..,..,..,..,..,..,..,..,..,..,4.43807,4.43807,4.75667,4.87727,5.128407,5.224407,5.333007,5.437207,4.968038,4.956707,4.750386,4.556934,5.053748,5.510548,5.247
Developing economies: Oceania,Total goods loaded,..,..,..,..,..,..,..,..,..,..,..,..,..,..,..,..,..,..,..,..,..,..,..,..,..,..,..,..,..,..,..,..,..,..,..,..,5.8783,5.8783,6.095656,6.196371,6.708843,7.021393,7.196373,7.414102,10.503553,14.27678,14.459744,14.416004,14.525748,15.271548,14.067
Developing economies: Oceania,Crude oil discharged,..,..,..,..,..,..,..,..,..,..,..,..,..,..,..,..,..,..,..,..,..,..,..,..,..,..,..,..,..,..,..,..,..,..,..,..,0.5205,0.5205,0.5172,0.505,0.5185,0.5117,0.4827,0.5897,0.654205,0.677885,0.687885,0.5905,0.845,0.744,0.691
Developing economies: Oceania,Other tanker trade discharged,..,..,..,..,..,..,..,..,..,..,..,..,..,..,..,..,..,..,..,..,..,..,..,..,..,..,..,..,..,..,..,..,..,..,..,..,4.768105,4.768105,4.946205,5.024205,5.129205,5.146205,5.266205,5.343205,4.311305,4.37433,4.398205,4.157205,5.03793,4.482875,4.169083
Developing economies: Oceania,Dry cargo discharged,..,..,..,..,..,..,..,..,..,..,..,..,..,..,..,..,..,..,..,..,..,..,..,..,..,..,..,..,..,..,..,..,..,..,..,..,7.876596,7.876596,8.098596,8.157596,8.224796,8.364796,8.391796,8.444396,8.056523,8.075896,8.481896,7.756396,8.20562,8.592964,8.4206
Developing economies: Oceania,Total goods discharged,..,..,..,..,..,..,..,..,..,..,..,..,..,..,..,..,..,..,..,..,..,..,..,..,..,..,..,..,..,..,..,..,..,..,..,..,13.165201,13.165201,13.562001,13.686801,13.872501,14.022701,14.140701,14.377301,13.022033,13.128111,13.567986,12.504101,14.08855,13.819839,13.280683
Developed economies: Asia and Oceania,Crude oil loaded,..,..,..,..,..,..,..,..,..,..,..,..,..,..,..,..,..,..,..,..,..,..,..,..,..,..,..,..,..,..,..,..,..,..,..,..,9.853114,13.345504,16.71547,12.946141,16.679654,15.345,15.540529,14.43,12.13,13.53,13.69,10.38,12.575,11.09,11.4
Developed economies: Asia and Oceania,Other tanker trade loaded,..,..,..,..,..,..,..,..,..,..,..,..,..,..,..,..,..,..,..,..,..,..,..,..,..,..,..,..,..,..,..,..,..,..,..,..,14.216406,18.361531,24.774005,24.039708,28.79336,27.78,35.048679,48.639323,52.489323,52.289323,52.651,61.836,67.99,72.565,68.932
Developed economies: Asia and Oceania,Dry cargo loaded,..,..,..,..,..,..,..,..,..,..,..,..,..,..,..,..,..,..,..,..,..,..,..,..,..,..,..,..,..,..,..,..,..,..,..,..,785.860593,817.53351,880.5707,863.206687,1044.844617,1064.963282,1130.789792,1158.018894,1349.027677,1374.427677,1470.263,1623.31,1682.1927,1659.8927,1589.5667
Developed economies: Asia and Oceania,Total goods loaded,..,..,..,..,..,..,..,..,..,..,..,..,..,..,..,..,..,..,..,..,..,..,..,..,..,..,..,..,..,..,..,..,..,..,..,..,809.930113,849.240545,922.060175,900.192536,1090.317631,1108.088282,1181.379,1221.088217,1413.647,1440.247,1536.604,1695.526,1762.7577,1743.5477,1669.8987
Developed economies: Asia and Oceania,Crude oil discharged,..,..,..,..,..,..,..,..,..,..,..,..,..,..,..,..,..,..,..,..,..,..,..,..,..,..,..,..,..,..,..,..,..,..,..,..,239.502158,240.276112,281.946861,212.24112,216.939952,214.662912,222.8344,215.8731,216.4951,217.4951,215.064,212.524,192.664,184.945,153.0331
Developed economies: Asia and Oceania,Other tanker trade discharged,..,..,..,..,..,..,..,..,..,..,..,..,..,..,..,..,..,..,..,..,..,..,..,..,..,..,..,..,..,..,..,..,..,..,..,..,101.965513,105.782804,112.000198,116.092758,129.347318,130.901,120.333,128.671,109.371,113.871,106.343,109.843,109.443,97.913,79.667
Developed economies: Asia and Oceania,Dry cargo discharged,..,..,..,..,..,..,..,..,..,..,..,..,..,..,..,..,..,..,..,..,..,..,..,..,..,..,..,..,..,..,..,..,..,..,..,..,611.153906,612.587174,605.483631,477.837947,541.370538,547.158088,585.177,625.0659,670.7809,657.4809,660.3271,646.6484,659.78869,656.48909,575.81029
Developed economies: Asia and Oceania,Total goods discharged,..,..,..,..,..,..,..,..,..,..,..,..,..,..,..,..,..,..,..,..,..,..,..,..,..,..,..,..,..,..,..,..,..,..,..,..,952.621577,958.64609,999.43069,806.171825,887.657808,892.722,928.3444,969.61,996.647,988.847,981.7341,969.0154,961.89569,939.34709,808.51039
Developed economies: Asia,Crude oil loaded,..,..,..,..,..,..,..,..,..,..,..,..,..,..,..,..,..,..,..,..,..,..,..,..,..,..,..,..,..,..,..,..,..,..,..,..,0,0,0,0,0,0,0,0,0,0,0,0,0,0,0
Developed economies: Asia,Other tanker trade loaded,..,..,..,..,..,..,..,..,..,..,..,..,..,..,..,..,..,..,..,..,..,..,..,..,..,..,..,..,..,..,..,..,..,..,..,..,10.016787,14.4109,20.950787,19.274,24.472,17.419,14.51,13.851,14.601,13.401,11.751,12.636,15.235,19.6,18.3
Developed economies: Asia,Dry cargo loaded,..,..,..,..,..,..,..,..,..,..,..,..,..,..,..,..,..,..,..,..,..,..,..,..,..,..,..,..,..,..,..,..,..,..,..,..,153.128681,161.247568,162.049,139.77,151.206,146.783,165.965,174.964,170.414,177.014,176.648,186.533,193.233,169.933,164.293
Developed economies: Asia,Total goods loaded,..,..,..,..,..,..,..,..,..,..,..,..,..,..,..,..,..,..,..,..,..,..,..,..,..,..,..,..,..,..,..,..,..,..,..,..,163.145468,175.658468,182.999787,159.044,175.678,164.202,180.475,188.815,185.015,190.415,188.399,199.169,208.468,189.533,182.593
Developed economies: Asia,Crude oil discharged,..,..,..,..,..,..,..,..,..,..,..,..,..,..,..,..,..,..,..,..,..,..,..,..,..,..,..,..,..,..,..,..,..,..,..,..,213.257,213.257,254.65,190.74742,192.108,187.1305,190.936,189.35,189.072,189.872,190.489,185.589,163.889,162.27,136.1481
Developed economies: Asia,Other tanker trade discharged,..,..,..,..,..,..,..,..,..,..,..,..,..,..,..,..,..,..,..,..,..,..,..,..,..,..,..,..,..,..,..,..,..,..,..,..,88.466,88.466,92.802,102.26954,110.635,113.571,101.591,105.171,90.771,93.771,89.943,92.343,87.943,79.113,66.227
Developed economies: Asia,Dry cargo discharged,..,..,..,..,..,..,..,..,..,..,..,..,..,..,..,..,..,..,..,..,..,..,..,..,..,..,..,..,..,..,..,..,..,..,..,..,560.917899,560.917899,548.796,417.01958,480.44,478.1135,511.38,541.901,574.204,557.304,555.5651,558.1674,565.367,565.4674,490.9954
Developed economies: Asia,Total goods discharged,..,..,..,..,..,..,..,..,..,..,..,..,..,..,..,..,..,..,..,..,..,..,..,..,..,..,..,..,..,..,..,..,..,..,..,..,862.640899,862.640899,896.248,710.03654,783.183,778.815,803.907,836.422,854.047,840.947,835.9971,836.0994,817.199,806.8504,693.3705
Developed economies: Oceania,Crude oil loaded,..,..,..,..,..,..,..,..,..,..,..,..,..,..,..,..,..,..,..,..,..,..,..,..,..,..,..,..,..,..,..,..,..,..,..,..,9.853114,13.345504,16.71547,12.946141,16.679654,15.345,15.540529,14.43,12.13,13.53,13.69,10.38,12.575,11.09,11.4
Developed economies: Oceania,Other tanker trade loaded,..,..,..,..,..,..,..,..,..,..,..,..,..,..,..,..,..,..,..,..,..,..,..,..,..,..,..,..,..,..,..,..,..,..,..,..,4.199619,3.950631,3.823218,4.765708,4.32136,10.361,20.538679,34.788323,37.888323,38.888323,40.9,49.2,52.755,52.965,50.632
Developed economies: Oceania,Dry cargo loaded,..,..,..,..,..,..,..,..,..,..,..,..,..,..,..,..,..,..,..,..,..,..,..,..,..,..,..,..,..,..,..,..,..,..,..,..,632.731912,656.285942,718.5217,723.436687,893.638617,918.180282,964.824792,983.054894,1178.613677,1197.413677,1293.615,1436.777,1488.9597,1489.9597,1425.2737
Developed economies: Oceania,Total goods loaded,..,..,..,..,..,..,..,..,..,..,..,..,..,..,..,..,..,..,..,..,..,..,..,..,..,..,..,..,..,..,..,..,..,..,..,..,646.784645,673.582077,739.060388,741.148536,914.639631,943.886282,1000.904,1032.273217,1228.632,1249.832,1348.205,1496.357,1554.2897,1554.0147,1487.3057
Developed economies: Oceania,Crude oil discharged,..,..,..,..,..,..,..,..,..,..,..,..,..,..,..,..,..,..,..,..,..,..,..,..,..,..,..,..,..,..,..,..,..,..,..,..,26.245158,27.019112,27.296861,21.4937,24.831952,27.532412,31.8984,26.5231,27.4231,27.6231,24.575,26.935,28.775,22.675,16.885
Developed economies: Oceania,Other tanker trade discharged,..,..,..,..,..,..,..,..,..,..,..,..,..,..,..,..,..,..,..,..,..,..,..,..,..,..,..,..,..,..,..,..,..,..,..,..,13.499513,17.316804,19.198198,13.823218,18.712318,17.33,18.742,23.5,18.6,20.1,16.4,17.5,21.5,18.8,13.44
Developed economies: Oceania,Dry cargo discharged,..,..,..,..,..,..,..,..,..,..,..,..,..,..,..,..,..,..,..,..,..,..,..,..,..,..,..,..,..,..,..,..,..,..,..,..,50.236007,51.669275,56.687631,60.818367,60.930538,69.044588,73.797,83.1649,96.5769,100.1769,104.762,88.481,94.42169,91.02169,84.81489
Developed economies: Oceania,Total goods discharged,..,..,..,..,..,..,..,..,..,..,..,..,..,..,..,..,..,..,..,..,..,..,..,..,..,..,..,..,..,..,..,..,..,..,..,..,89.980678,96.005191,103.18269,96.135285,104.474808,113.907,124.4374,133.188,142.6,147.9,145.737,132.916,144.69669,132.49669,115.13989
