DATAFLOW,LAST UPDATE,freq,direct,unit,geo,TIME_PERIOD,OBS_VALUE,OBS_FLAG
ESTAT:TTR00009(1.0),2004/10/22 11:00,A,TOTAL,THS_T,BE,2010,228228,
ESTAT:TTR00009(1.0),2004/10/22 11:00,A,TOTAL,THS_T,BE,2011,232789,
ESTAT:TTR00009(1.0),2004/10/22 11:00,A,TOTAL,THS_T,BE,2012,223987,
ESTAT:TTR00009(1.0),2004/10/22 11:00,A,TOTAL,THS_T,BE,2013,228130,
ESTAT:TTR00009(1.0),2004/10/22 11:00,A,TOTAL,THS_T,BE,2014,237852,
ESTAT:TTR00009(1.0),2004/10/22 11:00,A,TOTAL,THS_T,BE,2015,241459,
ESTAT:TTR00009(1.0),2004/10/22 11:00,A,TOTAL,THS_T,BE,2016,253543,
ESTAT:TTR00009(1.0),2004/10/22 11:00,A,TOTAL,THS_T,BE,2017,257865,
ESTAT:TTR00009(1.0),2004/10/22 11:00,A,TOTAL,THS_T,BE,2018,270317,
ESTAT:TTR00009(1.0),2004/10/22 11:00,A,TOTAL,THS_T,BE,2019,277783,
ESTAT:TTR00009(1.0),2004/10/22 11:00,A,TOTAL,THS_T,BE,2020,268675,
ESTAT:TTR00009(1.0),2004/10/22 11:00,A,TOTAL,THS_T,BE,2021,288827,
ESTAT:TTR00009(1.0),2004/10/22 11:00,A,TOTAL,THS_T,BG,2010,22946,
ESTAT:TTR00009(1.0),2004/10/22 11:00,A,TOTAL,THS_T,BG,2011,25185,
ESTAT:TTR00009(1.0),2004/10/22 11:00,A,TOTAL,THS_T,BG,2012,26012,
ESTAT:TTR00009(1.0),2004/10/22 11:00,A,TOTAL,THS_T,BG,2013,28841,
ESTAT:TTR00009(1.0),2004/10/22 11:00,A,TOTAL,THS_T,BG,2014,27235,
ESTAT:TTR00009(1.0),2004/10/22 11:00,A,TOTAL,THS_T,BG,2015,27166,
ESTAT:TTR00009(1.0),2004/10/22 11:00,A,TOTAL,THS_T,BG,2016,28685,
ESTAT:TTR00009(1.0),2004/10/22 11:00,A,TOTAL,THS_T,BG,2017,30953,
ESTAT:TTR00009(1.0),2004/10/22 11:00,A,TOTAL,THS_T,BG,2018,27868,
ESTAT:TTR00009(1.0),2004/10/22 11:00,A,TOTAL,THS_T,BG,2019,30997,
ESTAT:TTR00009(1.0),2004/10/22 11:00,A,TOTAL,THS_T,BG,2020,25258,
ESTAT:TTR00009(1.0),2004/10/22 11:00,A,TOTAL,THS_T,BG,2021,25576,
ESTAT:TTR00009(1.0),2004/10/22 11:00,A,TOTAL,THS_T,CY,2010,6954,
ESTAT:TTR00009(1.0),2004/10/22 11:00,A,TOTAL,THS_T,CY,2011,6564,
ESTAT:TTR00009(1.0),2004/10/22 11:00,A,TOTAL,THS_T,CY,2012,6236,
ESTAT:TTR00009(1.0),2004/10/22 11:00,A,TOTAL,THS_T,CY,2013,7172,
ESTAT:TTR00009(1.0),2004/10/22 11:00,A,TOTAL,THS_T,CY,2014,7186,
ESTAT:TTR00009(1.0),2004/10/22 11:00,A,TOTAL,THS_T,CY,2015,10268,
ESTAT:TTR00009(1.0),2004/10/22 11:00,A,TOTAL,THS_T,CY,2016,10259,
ESTAT:TTR00009(1.0),2004/10/22 11:00,A,TOTAL,THS_T,CY,2017,7860,
ESTAT:TTR00009(1.0),2004/10/22 11:00,A,TOTAL,THS_T,CY,2018,6948,
ESTAT:TTR00009(1.0),2004/10/22 11:00,A,TOTAL,THS_T,CY,2019,7428,
ESTAT:TTR00009(1.0),2004/10/22 11:00,A,TOTAL,THS_T,CY,2020,7473,
ESTAT:TTR00009(1.0),2004/10/22 11:00,A,TOTAL,THS_T,CY,2021,6985,
ESTAT:TTR00009(1.0),2004/10/22 11:00,A,TOTAL,THS_T,DE,2010,275953,
ESTAT:TTR00009(1.0),2004/10/22 11:00,A,TOTAL,THS_T,DE,2011,296037,
ESTAT:TTR00009(1.0),2004/10/22 11:00,A,TOTAL,THS_T,DE,2012,298758,
ESTAT:TTR00009(1.0),2004/10/22 11:00,A,TOTAL,THS_T,DE,2013,297281,
ESTAT:TTR00009(1.0),2004/10/22 11:00,A,TOTAL,THS_T,DE,2014,303742,
ESTAT:TTR00009(1.0),2004/10/22 11:00,A,TOTAL,THS_T,DE,2015,295918,
ESTAT:TTR00009(1.0),2004/10/22 11:00,A,TOTAL,THS_T,DE,2016,297137,
ESTAT:TTR00009(1.0),2004/10/22 11:00,A,TOTAL,THS_T,DE,2017,299189,
ESTAT:TTR00009(1.0),2004/10/22 11:00,A,TOTAL,THS_T,DE,2018,296181,
ESTAT:TTR00009(1.0),2004/10/22 11:00,A,TOTAL,THS_T,DE,2019,294533,
ESTAT:TTR00009(1.0),2004/10/22 11:00,A,TOTAL,THS_T,DE,2020,275731,
ESTAT:TTR00009(1.0),2004/10/22 11:00,A,TOTAL,THS_T,DE,2021,289130,
ESTAT:TTR00009(1.0),2004/10/22 11:00,A,TOTAL,THS_T,DK,2010,87068,
ESTAT:TTR00009(1.0),2004/10/22 11:00,A,TOTAL,THS_T,DK,2011,92613,
ESTAT:TTR00009(1.0),2004/10/22 11:00,A,TOTAL,THS_T,DK,2012,87827,
ESTAT:TTR00009(1.0),2004/10/22 11:00,A,TOTAL,THS_T,DK,2013,88406,
ESTAT:TTR00009(1.0),2004/10/22 11:00,A,TOTAL,THS_T,DK,2014,92244,
ESTAT:TTR00009(1.0),2004/10/22 11:00,A,TOTAL,THS_T,DK,2015,95098,
ESTAT:TTR00009(1.0),2004/10/22 11:00,A,TOTAL,THS_T,DK,2016,95829,
ESTAT:TTR00009(1.0),2004/10/22 11:00,A,TOTAL,THS_T,DK,2017,94638,
ESTAT:TTR00009(1.0),2004/10/22 11:00,A,TOTAL,THS_T,DK,2018,95989,
ESTAT:TTR00009(1.0),2004/10/22 11:00,A,TOTAL,THS_T,DK,2019,93727,
ESTAT:TTR00009(1.0),2004/10/22 11:00,A,TOTAL,THS_T,DK,2020,91382,
ESTAT:TTR00009(1.0),2004/10/22 11:00,A,TOTAL,THS_T,DK,2021,94255,
ESTAT:TTR00009(1.0),2004/10/22 11:00,A,TOTAL,THS_T,EE,2010,46026,
ESTAT:TTR00009(1.0),2004/10/22 11:00,A,TOTAL,THS_T,EE,2011,48479,
ESTAT:TTR00009(1.0),2004/10/22 11:00,A,TOTAL,THS_T,EE,2012,43519,
ESTAT:TTR00009(1.0),2004/10/22 11:00,A,TOTAL,THS_T,EE,2013,42908,
ESTAT:TTR00009(1.0),2004/10/22 11:00,A,TOTAL,THS_T,EE,2014,43578,
ESTAT:TTR00009(1.0),2004/10/22 11:00,A,TOTAL,THS_T,EE,2015,34965,
ESTAT:TTR00009(1.0),2004/10/22 11:00,A,TOTAL,THS_T,EE,2016,33596,
ESTAT:TTR00009(1.0),2004/10/22 11:00,A,TOTAL,THS_T,EE,2017,34801,
ESTAT:TTR00009(1.0),2004/10/22 11:00,A,TOTAL,THS_T,EE,2018,35947,
ESTAT:TTR00009(1.0),2004/10/22 11:00,A,TOTAL,THS_T,EE,2019,37760,
ESTAT:TTR00009(1.0),2004/10/22 11:00,A,TOTAL,THS_T,EE,2020,37741,
ESTAT:TTR00009(1.0),2004/10/22 11:00,A,TOTAL,THS_T,EE,2021,38593,
ESTAT:TTR00009(1.0),2004/10/22 11:00,A,TOTAL,THS_T,EL,2010,129059,
ESTAT:TTR00009(1.0),2004/10/22 11:00,A,TOTAL,THS_T,EL,2011,135314,
ESTAT:TTR00009(1.0),2004/10/22 11:00,A,TOTAL,THS_T,EL,2012,153317,
ESTAT:TTR00009(1.0),2004/10/22 11:00,A,TOTAL,THS_T,EL,2013,160986,
ESTAT:TTR00009(1.0),2004/10/22 11:00,A,TOTAL,THS_T,EL,2014,168501,
ESTAT:TTR00009(1.0),2004/10/22 11:00,A,TOTAL,THS_T,EL,2015,167036,
ESTAT:TTR00009(1.0),2004/10/22 11:00,A,TOTAL,THS_T,EL,2016,175100,
ESTAT:TTR00009(1.0),2004/10/22 11:00,A,TOTAL,THS_T,EL,2017,181261,
ESTAT:TTR00009(1.0),2004/10/22 11:00,A,TOTAL,THS_T,EL,2018,190523,
ESTAT:TTR00009(1.0),2004/10/22 11:00,A,TOTAL,THS_T,EL,2019,194468,
ESTAT:TTR00009(1.0),2004/10/22 11:00,A,TOTAL,THS_T,EL,2020,178339,
ESTAT:TTR00009(1.0),2004/10/22 11:00,A,TOTAL,THS_T,EL,2021,178205,
ESTAT:TTR00009(1.0),2004/10/22 11:00,A,TOTAL,THS_T,ES,2010,377095,
ESTAT:TTR00009(1.0),2004/10/22 11:00,A,TOTAL,THS_T,ES,2011,403834,
ESTAT:TTR00009(1.0),2004/10/22 11:00,A,TOTAL,THS_T,ES,2012,419865,
ESTAT:TTR00009(1.0),2004/10/22 11:00,A,TOTAL,THS_T,ES,2013,397462,
ESTAT:TTR00009(1.0),2004/10/22 11:00,A,TOTAL,THS_T,ES,2014,427672,
ESTAT:TTR00009(1.0),2004/10/22 11:00,A,TOTAL,THS_T,ES,2015,447023,
ESTAT:TTR00009(1.0),2004/10/22 11:00,A,TOTAL,THS_T,ES,2016,451255,
ESTAT:TTR00009(1.0),2004/10/22 11:00,A,TOTAL,THS_T,ES,2017,483679,
ESTAT:TTR00009(1.0),2004/10/22 11:00,A,TOTAL,THS_T,ES,2018,497812,
ESTAT:TTR00009(1.0),2004/10/22 11:00,A,TOTAL,THS_T,ES,2019,496912,
ESTAT:TTR00009(1.0),2004/10/22 11:00,A,TOTAL,THS_T,ES,2020,455511,
ESTAT:TTR00009(1.0),2004/10/22 11:00,A,TOTAL,THS_T,ES,2021,477021,
ESTAT:TTR00009(1.0),2004/10/22 11:00,A,TOTAL,THS_T,EU27_2007,2010,3646665,
ESTAT:TTR00009(1.0),2004/10/22 11:00,A,TOTAL,THS_T,EU27_2007,2011,3764199,
ESTAT:TTR00009(1.0),2004/10/22 11:00,A,TOTAL,THS_T,EU27_2007,2012,3723692,
ESTAT:TTR00009(1.0),2004/10/22 11:00,A,TOTAL,THS_T,EU27_2007,2013,3699865,
ESTAT:TTR00009(1.0),2004/10/22 11:00,A,TOTAL,THS_T,EU27_2007,2014,3771778,
ESTAT:TTR00009(1.0),2004/10/22 11:00,A,TOTAL,THS_T,EU27_2007,2015,3821533,
ESTAT:TTR00009(1.0),2004/10/22 11:00,A,TOTAL,THS_T,EU27_2007,2016,3842201,
ESTAT:TTR00009(1.0),2004/10/22 11:00,A,TOTAL,THS_T,EU27_2007,2017,3937093,
ESTAT:TTR00009(1.0),2004/10/22 11:00,A,TOTAL,THS_T,EU27_2007,2018,4046270,
ESTAT:TTR00009(1.0),2004/10/22 11:00,A,TOTAL,THS_T,EU27_2007,2019,4052771,
ESTAT:TTR00009(1.0),2004/10/22 11:00,A,TOTAL,THS_T,EU27_2020,2010,3159120,
ESTAT:TTR00009(1.0),2004/10/22 11:00,A,TOTAL,THS_T,EU27_2020,2011,3266566,
ESTAT:TTR00009(1.0),2004/10/22 11:00,A,TOTAL,THS_T,EU27_2020,2012,3241805,
ESTAT:TTR00009(1.0),2004/10/22 11:00,A,TOTAL,THS_T,EU27_2020,2013,3215906,
ESTAT:TTR00009(1.0),2004/10/22 11:00,A,TOTAL,THS_T,EU27_2020,2014,3287210,
ESTAT:TTR00009(1.0),2004/10/22 11:00,A,TOTAL,THS_T,EU27_2020,2015,3343755,
ESTAT:TTR00009(1.0),2004/10/22 11:00,A,TOTAL,THS_T,EU27_2020,2016,3376704,
ESTAT:TTR00009(1.0),2004/10/22 11:00,A,TOTAL,THS_T,EU27_2020,2017,3476076,
ESTAT:TTR00009(1.0),2004/10/22 11:00,A,TOTAL,THS_T,EU27_2020,2018,3584537,
ESTAT:TTR00009(1.0),2004/10/22 11:00,A,TOTAL,THS_T,EU27_2020,2019,3587258,
ESTAT:TTR00009(1.0),2004/10/22 11:00,A,TOTAL,THS_T,EU27_2020,2020,3325646,
ESTAT:TTR00009(1.0),2004/10/22 11:00,A,TOTAL,THS_T,EU28,2010,3670995,
ESTAT:TTR00009(1.0),2004/10/22 11:00,A,TOTAL,THS_T,EU28,2011,3786060,
ESTAT:TTR00009(1.0),2004/10/22 11:00,A,TOTAL,THS_T,EU28,2012,3742665,
ESTAT:TTR00009(1.0),2004/10/22 11:00,A,TOTAL,THS_T,EU28,2013,3719231,
ESTAT:TTR00009(1.0),2004/10/22 11:00,A,TOTAL,THS_T,EU28,2014,3790381,
ESTAT:TTR00009(1.0),2004/10/22 11:00,A,TOTAL,THS_T,EU28,2015,3840463,
ESTAT:TTR00009(1.0),2004/10/22 11:00,A,TOTAL,THS_T,EU28,2016,3860752,
ESTAT:TTR00009(1.0),2004/10/22 11:00,A,TOTAL,THS_T,EU28,2017,3957890,
ESTAT:TTR00009(1.0),2004/10/22 11:00,A,TOTAL,THS_T,EU28,2018,4067843,
ESTAT:TTR00009(1.0),2004/10/22 11:00,A,TOTAL,THS_T,EU28,2019,4073351,
ESTAT:TTR00009(1.0),2004/10/22 11:00,A,TOTAL,THS_T,FI,2010,109326,
ESTAT:TTR00009(1.0),2004/10/22 11:00,A,TOTAL,THS_T,FI,2011,115452,
ESTAT:TTR00009(1.0),2004/10/22 11:00,A,TOTAL,THS_T,FI,2012,105120,
ESTAT:TTR00009(1.0),2004/10/22 11:00,A,TOTAL,THS_T,FI,2013,105117,
ESTAT:TTR00009(1.0),2004/10/22 11:00,A,TOTAL,THS_T,FI,2014,105537,
ESTAT:TTR00009(1.0),2004/10/22 11:00,A,TOTAL,THS_T,FI,2015,99962,
ESTAT:TTR00009(1.0),2004/10/22 11:00,A,TOTAL,THS_T,FI,2016,105022,
ESTAT:TTR00009(1.0),2004/10/22 11:00,A,TOTAL,THS_T,FI,2017,109320,
ESTAT:TTR00009(1.0),2004/10/22 11:00,A,TOTAL,THS_T,FI,2018,117108,
ESTAT:TTR00009(1.0),2004/10/22 11:00,A,TOTAL,THS_T,FI,2019,120488,
ESTAT:TTR00009(1.0),2004/10/22 11:00,A,TOTAL,THS_T,FI,2020,109211,
ESTAT:TTR00009(1.0),2004/10/22 11:00,A,TOTAL,THS_T,FI,2021,102518,
ESTAT:TTR00009(1.0),2004/10/22 11:00,A,TOTAL,THS_T,FR,2010,316137,
ESTAT:TTR00009(1.0),2004/10/22 11:00,A,TOTAL,THS_T,FR,2011,322254,
ESTAT:TTR00009(1.0),2004/10/22 11:00,A,TOTAL,THS_T,FR,2012,303269,
ESTAT:TTR00009(1.0),2004/10/22 11:00,A,TOTAL,THS_T,FR,2013,303031,
ESTAT:TTR00009(1.0),2004/10/22 11:00,A,TOTAL,THS_T,FR,2014,298203,
ESTAT:TTR00009(1.0),2004/10/22 11:00,A,TOTAL,THS_T,FR,2015,297880,
ESTAT:TTR00009(1.0),2004/10/22 11:00,A,TOTAL,THS_T,FR,2016,292160,
ESTAT:TTR00009(1.0),2004/10/22 11:00,A,TOTAL,THS_T,FR,2017,302840,
ESTAT:TTR00009(1.0),2004/10/22 11:00,A,TOTAL,THS_T,FR,2018,308629,
ESTAT:TTR00009(1.0),2004/10/22 11:00,A,TOTAL,THS_T,FR,2019,302288,
ESTAT:TTR00009(1.0),2004/10/22 11:00,A,TOTAL,THS_T,FR,2020,274511,
ESTAT:TTR00009(1.0),2004/10/22 11:00,A,TOTAL,THS_T,HR,2010,24329,
ESTAT:TTR00009(1.0),2004/10/22 11:00,A,TOTAL,THS_T,HR,2011,21862,
ESTAT:TTR00009(1.0),2004/10/22 11:00,A,TOTAL,THS_T,HR,2012,18972,
ESTAT:TTR00009(1.0),2004/10/22 11:00,A,TOTAL,THS_T,HR,2013,19366,
ESTAT:TTR00009(1.0),2004/10/22 11:00,A,TOTAL,THS_T,HR,2014,18603,
ESTAT:TTR00009(1.0),2004/10/22 11:00,A,TOTAL,THS_T,HR,2015,18930,
ESTAT:TTR00009(1.0),2004/10/22 11:00,A,TOTAL,THS_T,HR,2016,18551,
ESTAT:TTR00009(1.0),2004/10/22 11:00,A,TOTAL,THS_T,HR,2017,20798,
ESTAT:TTR00009(1.0),2004/10/22 11:00,A,TOTAL,THS_T,HR,2018,21573,
ESTAT:TTR00009(1.0),2004/10/22 11:00,A,TOTAL,THS_T,HR,2019,20580,
ESTAT:TTR00009(1.0),2004/10/22 11:00,A,TOTAL,THS_T,HR,2020,21410,
ESTAT:TTR00009(1.0),2004/10/22 11:00,A,TOTAL,THS_T,HR,2021,21644,
ESTAT:TTR00009(1.0),2004/10/22 11:00,A,TOTAL,THS_T,IE,2010,45071,
ESTAT:TTR00009(1.0),2004/10/22 11:00,A,TOTAL,THS_T,IE,2011,45078,
ESTAT:TTR00009(1.0),2004/10/22 11:00,A,TOTAL,THS_T,IE,2012,47649,
ESTAT:TTR00009(1.0),2004/10/22 11:00,A,TOTAL,THS_T,IE,2013,46722,
ESTAT:TTR00009(1.0),2004/10/22 11:00,A,TOTAL,THS_T,IE,2014,47483,
ESTAT:TTR00009(1.0),2004/10/22 11:00,A,TOTAL,THS_T,IE,2015,50666,
ESTAT:TTR00009(1.0),2004/10/22 11:00,A,TOTAL,THS_T,IE,2016,50758,
ESTAT:TTR00009(1.0),2004/10/22 11:00,A,TOTAL,THS_T,IE,2017,53351,
ESTAT:TTR00009(1.0),2004/10/22 11:00,A,TOTAL,THS_T,IE,2018,55120,
ESTAT:TTR00009(1.0),2004/10/22 11:00,A,TOTAL,THS_T,IE,2019,53251,
ESTAT:TTR00009(1.0),2004/10/22 11:00,A,TOTAL,THS_T,IE,2020,51425,
ESTAT:TTR00009(1.0),2004/10/22 11:00,A,TOTAL,THS_T,IE,2021,54027,
ESTAT:TTR00009(1.0),2004/10/22 11:00,A,TOTAL,THS_T,IS,2010,6001,
ESTAT:TTR00009(1.0),2004/10/22 11:00,A,TOTAL,THS_T,IS,2011,6105,
ESTAT:TTR00009(1.0),2004/10/22 11:00,A,TOTAL,THS_T,IS,2012,6389,
ESTAT:TTR00009(1.0),2004/10/22 11:00,A,TOTAL,THS_T,IS,2013,6833,
ESTAT:TTR00009(1.0),2004/10/22 11:00,A,TOTAL,THS_T,IS,2014,6674,
ESTAT:TTR00009(1.0),2004/10/22 11:00,A,TOTAL,THS_T,IS,2015,7137,
ESTAT:TTR00009(1.0),2004/10/22 11:00,A,TOTAL,THS_T,IS,2016,7446,
ESTAT:TTR00009(1.0),2004/10/22 11:00,A,TOTAL,THS_T,IS,2017,7672,
ESTAT:TTR00009(1.0),2004/10/22 11:00,A,TOTAL,THS_T,IS,2018,7263,
ESTAT:TTR00009(1.0),2004/10/22 11:00,A,TOTAL,THS_T,IS,2019,7662,
ESTAT:TTR00009(1.0),2004/10/22 11:00,A,TOTAL,THS_T,IS,2020,6969,
ESTAT:TTR00009(1.0),2004/10/22 11:00,A,TOTAL,THS_T,IT,2010,494091,
ESTAT:TTR00009(1.0),2004/10/22 11:00,A,TOTAL,THS_T,IT,2011,499885,
ESTAT:TTR00009(1.0),2004/10/22 11:00,A,TOTAL,THS_T,IT,2012,476823,
ESTAT:TTR00009(1.0),2004/10/22 11:00,A,TOTAL,THS_T,IT,2013,457078,
ESTAT:TTR00009(1.0),2004/10/22 11:00,A,TOTAL,THS_T,IT,2014,443141,
ESTAT:TTR00009(1.0),2004/10/22 11:00,A,TOTAL,THS_T,IT,2015,458020,
ESTAT:TTR00009(1.0),2004/10/22 11:00,A,TOTAL,THS_T,IT,2016,461990,
ESTAT:TTR00009(1.0),2004/10/22 11:00,A,TOTAL,THS_T,IT,2017,475164,
ESTAT:TTR00009(1.0),2004/10/22 11:00,A,TOTAL,THS_T,IT,2018,501958,
ESTAT:TTR00009(1.0),2004/10/22 11:00,A,TOTAL,THS_T,IT,2019,508074,
ESTAT:TTR00009(1.0),2004/10/22 11:00,A,TOTAL,THS_T,IT,2020,469635,
ESTAT:TTR00009(1.0),2004/10/22 11:00,A,TOTAL,THS_T,IT,2021,501603,
ESTAT:TTR00009(1.0),2004/10/22 11:00,A,TOTAL,THS_T,LT,2010,37869,
ESTAT:TTR00009(1.0),2004/10/22 11:00,A,TOTAL,THS_T,LT,2011,42661,
ESTAT:TTR00009(1.0),2004/10/22 11:00,A,TOTAL,THS_T,LT,2012,41033,
ESTAT:TTR00009(1.0),2004/10/22 11:00,A,TOTAL,THS_T,LT,2013,39757,
ESTAT:TTR00009(1.0),2004/10/22 11:00,A,TOTAL,THS_T,LT,2014,41105,
ESTAT:TTR00009(1.0),2004/10/22 11:00,A,TOTAL,THS_T,LT,2015,43128,
ESTAT:TTR00009(1.0),2004/10/22 11:00,A,TOTAL,THS_T,LT,2016,46236,
ESTAT:TTR00009(1.0),2004/10/22 11:00,A,TOTAL,THS_T,LT,2017,49856,
ESTAT:TTR00009(1.0),2004/10/22 11:00,A,TOTAL,THS_T,LT,2018,52462,
ESTAT:TTR00009(1.0),2004/10/22 11:00,A,TOTAL,THS_T,LT,2019,52244,
ESTAT:TTR00009(1.0),2004/10/22 11:00,A,TOTAL,THS_T,LT,2020,51529,
ESTAT:TTR00009(1.0),2004/10/22 11:00,A,TOTAL,THS_T,LT,2021,49385,
ESTAT:TTR00009(1.0),2004/10/22 11:00,A,TOTAL,THS_T,LV,2010,58691,
ESTAT:TTR00009(1.0),2004/10/22 11:00,A,TOTAL,THS_T,LV,2011,67016,
ESTAT:TTR00009(1.0),2004/10/22 11:00,A,TOTAL,THS_T,LV,2012,72723,
ESTAT:TTR00009(1.0),2004/10/22 11:00,A,TOTAL,THS_T,LV,2013,67148,
ESTAT:TTR00009(1.0),2004/10/22 11:00,A,TOTAL,THS_T,LV,2014,71836,
ESTAT:TTR00009(1.0),2004/10/22 11:00,A,TOTAL,THS_T,LV,2015,67811,
ESTAT:TTR00009(1.0),2004/10/22 11:00,A,TOTAL,THS_T,LV,2016,60962,
ESTAT:TTR00009(1.0),2004/10/22 11:00,A,TOTAL,THS_T,LV,2017,58687,
ESTAT:TTR00009(1.0),2004/10/22 11:00,A,TOTAL,THS_T,LV,2018,62660,
ESTAT:TTR00009(1.0),2004/10/22 11:00,A,TOTAL,THS_T,LV,2019,59046,
ESTAT:TTR00009(1.0),2004/10/22 11:00,A,TOTAL,THS_T,LV,2020,42099,
ESTAT:TTR00009(1.0),2004/10/22 11:00,A,TOTAL,THS_T,LV,2021,39705,
ESTAT:TTR00009(1.0),2004/10/22 11:00,A,TOTAL,THS_T,ME,2012,1163,
ESTAT:TTR00009(1.0),2004/10/22 11:00,A,TOTAL,THS_T,ME,2013,1267,
ESTAT:TTR00009(1.0),2004/10/22 11:00,A,TOTAL,THS_T,ME,2014,1241,
ESTAT:TTR00009(1.0),2004/10/22 11:00,A,TOTAL,THS_T,ME,2015,1487,
ESTAT:TTR00009(1.0),2004/10/22 11:00,A,TOTAL,THS_T,ME,2016,1617,
ESTAT:TTR00009(1.0),2004/10/22 11:00,A,TOTAL,THS_T,ME,2017,2096,
ESTAT:TTR00009(1.0),2004/10/22 11:00,A,TOTAL,THS_T,ME,2018,1956,
ESTAT:TTR00009(1.0),2004/10/22 11:00,A,TOTAL,THS_T,ME,2019,2035,
ESTAT:TTR00009(1.0),2004/10/22 11:00,A,TOTAL,THS_T,ME,2020,2044,
ESTAT:TTR00009(1.0),2004/10/22 11:00,A,TOTAL,THS_T,ME,2021,1859,
ESTAT:TTR00009(1.0),2004/10/22 11:00,A,TOTAL,THS_T,MT,2010,3796,
ESTAT:TTR00009(1.0),2004/10/22 11:00,A,TOTAL,THS_T,MT,2011,3345,
ESTAT:TTR00009(1.0),2004/10/22 11:00,A,TOTAL,THS_T,MT,2012,3326,
ESTAT:TTR00009(1.0),2004/10/22 11:00,A,TOTAL,THS_T,MT,2013,3101,
ESTAT:TTR00009(1.0),2004/10/22 11:00,A,TOTAL,THS_T,MT,2014,3460,
ESTAT:TTR00009(1.0),2004/10/22 11:00,A,TOTAL,THS_T,MT,2015,3705,
ESTAT:TTR00009(1.0),2004/10/22 11:00,A,TOTAL,THS_T,MT,2016,3788,
ESTAT:TTR00009(1.0),2004/10/22 11:00,A,TOTAL,THS_T,MT,2017,4114,
ESTAT:TTR00009(1.0),2004/10/22 11:00,A,TOTAL,THS_T,MT,2018,4559,
ESTAT:TTR00009(1.0),2004/10/22 11:00,A,TOTAL,THS_T,MT,2019,5195,
ESTAT:TTR00009(1.0),2004/10/22 11:00,A,TOTAL,THS_T,MT,2020,5738,
ESTAT:TTR00009(1.0),2004/10/22 11:00,A,TOTAL,THS_T,MT,2021,3370,
ESTAT:TTR00009(1.0),2004/10/22 11:00,A,TOTAL,THS_T,NL,2010,538702,
ESTAT:TTR00009(1.0),2004/10/22 11:00,A,TOTAL,THS_T,NL,2011,550745,
ESTAT:TTR00009(1.0),2004/10/22 11:00,A,TOTAL,THS_T,NL,2012,557264,
ESTAT:TTR00009(1.0),2004/10/22 11:00,A,TOTAL,THS_T,NL,2013,558542,
ESTAT:TTR00009(1.0),2004/10/22 11:00,A,TOTAL,THS_T,NL,2014,571636,
ESTAT:TTR00009(1.0),2004/10/22 11:00,A,TOTAL,THS_T,NL,2015,594272,
ESTAT:TTR00009(1.0),2004/10/22 11:00,A,TOTAL,THS_T,NL,2016,588772,
ESTAT:TTR00009(1.0),2004/10/22 11:00,A,TOTAL,THS_T,NL,2017,595810,
ESTAT:TTR00009(1.0),2004/10/22 11:00,A,TOTAL,THS_T,NL,2018,604542,
ESTAT:TTR00009(1.0),2004/10/22 11:00,A,TOTAL,THS_T,NL,2019,607527,
ESTAT:TTR00009(1.0),2004/10/22 11:00,A,TOTAL,THS_T,NL,2020,557583,
ESTAT:TTR00009(1.0),2004/10/22 11:00,A,TOTAL,THS_T,NL,2021,593225,
ESTAT:TTR00009(1.0),2004/10/22 11:00,A,TOTAL,THS_T,NO,2010,195132,
ESTAT:TTR00009(1.0),2004/10/22 11:00,A,TOTAL,THS_T,NO,2011,198970,
ESTAT:TTR00009(1.0),2004/10/22 11:00,A,TOTAL,THS_T,NO,2012,205959,
ESTAT:TTR00009(1.0),2004/10/22 11:00,A,TOTAL,THS_T,NO,2013,207057,
ESTAT:TTR00009(1.0),2004/10/22 11:00,A,TOTAL,THS_T,NO,2014,200812,
ESTAT:TTR00009(1.0),2004/10/22 11:00,A,TOTAL,THS_T,NO,2015,193605,
ESTAT:TTR00009(1.0),2004/10/22 11:00,A,TOTAL,THS_T,NO,2016,200143,
ESTAT:TTR00009(1.0),2004/10/22 11:00,A,TOTAL,THS_T,NO,2017,210649,
ESTAT:TTR00009(1.0),2004/10/22 11:00,A,TOTAL,THS_T,NO,2018,215438,
ESTAT:TTR00009(1.0),2004/10/22 11:00,A,TOTAL,THS_T,NO,2019,211207,
ESTAT:TTR00009(1.0),2004/10/22 11:00,A,TOTAL,THS_T,NO,2020,222829,
ESTAT:TTR00009(1.0),2004/10/22 11:00,A,TOTAL,THS_T,NO,2021,225781,
ESTAT:TTR00009(1.0),2004/10/22 11:00,A,TOTAL,THS_T,PL,2010,59507,
ESTAT:TTR00009(1.0),2004/10/22 11:00,A,TOTAL,THS_T,PL,2011,57738,
ESTAT:TTR00009(1.0),2004/10/22 11:00,A,TOTAL,THS_T,PL,2012,58825,
ESTAT:TTR00009(1.0),2004/10/22 11:00,A,TOTAL,THS_T,PL,2013,64282,
ESTAT:TTR00009(1.0),2004/10/22 11:00,A,TOTAL,THS_T,PL,2014,68744,
ESTAT:TTR00009(1.0),2004/10/22 11:00,A,TOTAL,THS_T,PL,2015,69530,
ESTAT:TTR00009(1.0),2004/10/22 11:00,A,TOTAL,THS_T,PL,2016,72926,
ESTAT:TTR00009(1.0),2004/10/22 11:00,A,TOTAL,THS_T,PL,2017,78076,
ESTAT:TTR00009(1.0),2004/10/22 11:00,A,TOTAL,THS_T,PL,2018,91798,
ESTAT:TTR00009(1.0),2004/10/22 11:00,A,TOTAL,THS_T,PL,2019,93864,
ESTAT:TTR00009(1.0),2004/10/22 11:00,A,TOTAL,THS_T,PL,2020,88520,
ESTAT:TTR00009(1.0),2004/10/22 11:00,A,TOTAL,THS_T,PL,2021,96663,
ESTAT:TTR00009(1.0),2004/10/22 11:00,A,TOTAL,THS_T,PT,2010,65981,
ESTAT:TTR00009(1.0),2004/10/22 11:00,A,TOTAL,THS_T,PT,2011,67506,
ESTAT:TTR00009(1.0),2004/10/22 11:00,A,TOTAL,THS_T,PT,2012,67875,
ESTAT:TTR00009(1.0),2004/10/22 11:00,A,TOTAL,THS_T,PT,2013,78244,
ESTAT:TTR00009(1.0),2004/10/22 11:00,A,TOTAL,THS_T,PT,2014,80156,
ESTAT:TTR00009(1.0),2004/10/22 11:00,A,TOTAL,THS_T,PT,2015,86769,
ESTAT:TTR00009(1.0),2004/10/22 11:00,A,TOTAL,THS_T,PT,2016,91344,
ESTAT:TTR00009(1.0),2004/10/22 11:00,A,TOTAL,THS_T,PT,2017,93356,
ESTAT:TTR00009(1.0),2004/10/22 11:00,A,TOTAL,THS_T,PT,2018,90361,
ESTAT:TTR00009(1.0),2004/10/22 11:00,A,TOTAL,THS_T,PT,2019,85320,
ESTAT:TTR00009(1.0),2004/10/22 11:00,A,TOTAL,THS_T,PT,2020,79371,
ESTAT:TTR00009(1.0),2004/10/22 11:00,A,TOTAL,THS_T,RO,2010,38122,
ESTAT:TTR00009(1.0),2004/10/22 11:00,A,TOTAL,THS_T,RO,2011,38918,
ESTAT:TTR00009(1.0),2004/10/22 11:00,A,TOTAL,THS_T,RO,2012,39520,
ESTAT:TTR00009(1.0),2004/10/22 11:00,A,TOTAL,THS_T,RO,2013,43577,
ESTAT:TTR00009(1.0),2004/10/22 11:00,A,TOTAL,THS_T,RO,2014,43753,
ESTAT:TTR00009(1.0),2004/10/22 11:00,A,TOTAL,THS_T,RO,2015,44533,
ESTAT:TTR00009(1.0),2004/10/22 11:00,A,TOTAL,THS_T,RO,2016,46295,
ESTAT:TTR00009(1.0),2004/10/22 11:00,A,TOTAL,THS_T,RO,2017,46182,
ESTAT:TTR00009(1.0),2004/10/22 11:00,A,TOTAL,THS_T,RO,2018,49107,
ESTAT:TTR00009(1.0),2004/10/22 11:00,A,TOTAL,THS_T,RO,2019,53101,
ESTAT:TTR00009(1.0),2004/10/22 11:00,A,TOTAL,THS_T,RO,2020,47220,
ESTAT:TTR00009(1.0),2004/10/22 11:00,A,TOTAL,THS_T,RO,2021,53121,
ESTAT:TTR00009(1.0),2004/10/22 11:00,A,TOTAL,THS_T,SE,2010,179579,
ESTAT:TTR00009(1.0),2004/10/22 11:00,A,TOTAL,THS_T,SE,2011,177093,
ESTAT:TTR00009(1.0),2004/10/22 11:00,A,TOTAL,THS_T,SE,2012,172976,
ESTAT:TTR00009(1.0),2004/10/22 11:00,A,TOTAL,THS_T,SE,2013,161570,
ESTAT:TTR00009(1.0),2004/10/22 11:00,A,TOTAL,THS_T,SE,2014,167530,
ESTAT:TTR00009(1.0),2004/10/22 11:00,A,TOTAL,THS_T,SE,2015,169685,
ESTAT:TTR00009(1.0),2004/10/22 11:00,A,TOTAL,THS_T,SE,2016,171324,
ESTAT:TTR00009(1.0),2004/10/22 11:00,A,TOTAL,THS_T,SE,2017,175964,
ESTAT:TTR00009(1.0),2004/10/22 11:00,A,TOTAL,THS_T,SE,2018,179949,
ESTAT:TTR00009(1.0),2004/10/22 11:00,A,TOTAL,THS_T,SE,2019,170557,
ESTAT:TTR00009(1.0),2004/10/22 11:00,A,TOTAL,THS_T,SE,2020,168970,
ESTAT:TTR00009(1.0),2004/10/22 11:00,A,TOTAL,THS_T,SE,2021,170619,
ESTAT:TTR00009(1.0),2004/10/22 11:00,A,TOTAL,THS_T,SI,2010,14591,
ESTAT:TTR00009(1.0),2004/10/22 11:00,A,TOTAL,THS_T,SI,2011,16198,
ESTAT:TTR00009(1.0),2004/10/22 11:00,A,TOTAL,THS_T,SI,2012,16907,
ESTAT:TTR00009(1.0),2004/10/22 11:00,A,TOTAL,THS_T,SI,2013,17184,
ESTAT:TTR00009(1.0),2004/10/22 11:00,A,TOTAL,THS_T,SI,2014,18012,
ESTAT:TTR00009(1.0),2004/10/22 11:00,A,TOTAL,THS_T,SI,2015,19931,
ESTAT:TTR00009(1.0),2004/10/22 11:00,A,TOTAL,THS_T,SI,2016,21171,
ESTAT:TTR00009(1.0),2004/10/22 11:00,A,TOTAL,THS_T,SI,2017,22311,
ESTAT:TTR00009(1.0),2004/10/22 11:00,A,TOTAL,THS_T,SI,2018,23127,
ESTAT:TTR00009(1.0),2004/10/22 11:00,A,TOTAL,THS_T,SI,2019,22114,
ESTAT:TTR00009(1.0),2004/10/22 11:00,A,TOTAL,THS_T,SI,2020,18314,
ESTAT:TTR00009(1.0),2004/10/22 11:00,A,TOTAL,THS_T,SI,2021,20060,
ESTAT:TTR00009(1.0),2004/10/22 11:00,A,TOTAL,THS_T,TR,2010,338078,
ESTAT:TTR00009(1.0),2004/10/22 11:00,A,TOTAL,THS_T,TR,2011,359082,
ESTAT:TTR00009(1.0),2004/10/22 11:00,A,TOTAL,THS_T,TR,2012,374714,
ESTAT:TTR00009(1.0),2004/10/22 11:00,A,TOTAL,THS_T,TR,2013,379400,
ESTAT:TTR00009(1.0),2004/10/22 11:00,A,TOTAL,THS_T,TR,2014,378688,
ESTAT:TTR00009(1.0),2004/10/22 11:00,A,TOTAL,THS_T,TR,2015,411783,
ESTAT:TTR00009(1.0),2004/10/22 11:00,A,TOTAL,THS_T,TR,2016,425853,
ESTAT:TTR00009(1.0),2004/10/22 11:00,A,TOTAL,THS_T,TR,2017,465981,
ESTAT:TTR00009(1.0),2004/10/22 11:00,A,TOTAL,THS_T,TR,2018,454370,
ESTAT:TTR00009(1.0),2004/10/22 11:00,A,TOTAL,THS_T,TR,2019,478116,
ESTAT:TTR00009(1.0),2004/10/22 11:00,A,TOTAL,THS_T,TR,2020,490556,
ESTAT:TTR00009(1.0),2004/10/22 11:00,A,TOTAL,THS_T,TR,2021,519907,
ESTAT:TTR00009(1.0),2004/10/22 11:00,A,TOTAL,THS_T,UK,2010,511875,
ESTAT:TTR00009(1.0),2004/10/22 11:00,A,TOTAL,THS_T,UK,2011,519495,
ESTAT:TTR00009(1.0),2004/10/22 11:00,A,TOTAL,THS_T,UK,2012,500860,
ESTAT:TTR00009(1.0),2004/10/22 11:00,A,TOTAL,THS_T,UK,2013,503324,
ESTAT:TTR00009(1.0),2004/10/22 11:00,A,TOTAL,THS_T,UK,2014,503171,
ESTAT:TTR00009(1.0),2004/10/22 11:00,A,TOTAL,THS_T,UK,2015,496708,
ESTAT:TTR00009(1.0),2004/10/22 11:00,A,TOTAL,THS_T,UK,2016,484048,
ESTAT:TTR00009(1.0),2004/10/22 11:00,A,TOTAL,THS_T,UK,2017,481815,
ESTAT:TTR00009(1.0),2004/10/22 11:00,A,TOTAL,THS_T,UK,2018,483305,
ESTAT:TTR00009(1.0),2004/10/22 11:00,A,TOTAL,THS_T,UK,2019,486094,
