Period,Period Label,Year,Frequency,Frequency Label,Economy,Economy Label,CommercialMarket,CommercialMarket Label,Median time in port (days),Median time in port (days) Footnote,Average age of vessels,Average age of vessels Footnote,Average size (GT) of vessels,Average size (GT) of vessels Footnote,Maximum size (GT) of vessels,Maximum size (GT) of vessels Footnote,Average cargo carrying capacity (dwt) per vessel,Average cargo carrying capacity (dwt) per vessel Footnote,Maximum cargo carrying capacity (dwt) of vessels,Maximum cargo carrying capacity (dwt) of vessels Footnote,Average container carrying capacity (TEU) per container ship,Average container carrying capacity (TEU) per container ship Footnote,Maximum container carrying capacity (TEU) of container ships,Maximum container carrying capacity (TEU) of container ships Footnote
2020S01,S1   2020,2020,S,Semi-annual,0,World,0,All ships,0.9944,,18,,15125,,235500,,25118.0,,441561.0,,3516.0,,23964.0,
2020S01,S1   2020,2020,S,Semi-annual,0,World,1,Passenger ships,,,20,,7977,,228081,,,,,,,,,
2020S01,S1   2020,2020,S,Semi-annual,0,World,2,Liquid bulk carriers,0.9701,,14,,15828,,234006,,27469.0,,441561.0,,,,,
2020S01,S1   2020,2020,S,Semi-annual,0,World,3,Container ships,0.6861,,14,,37990,,235500,,,,,,3516.0,,23964.0,
2020S01,S1   2020,2020,S,Semi-annual,0,World,4,Dry breakbulk carriers,1.1757,,21,,5469,,91784,,7443.0,,116173.0,,,,,
2020S01,S1   2020,2020,S,Semi-annual,0,World,5,Dry bulk carriers,2.0868,,14,,32270,,204014,,57693.0,,404389.0,,,,,
2020S01,S1   2020,2020,S,Semi-annual,0,World,6,Roll-on/ roll-off ships,,,17,,25093,,100430,,10141.0,,55828.0,,,,,
2020S01,S1   2020,2020,S,Semi-annual,0,World,7,Liquefied petroleum gas carriers,1.0389,,15,,10848,,59226,,12214.0,,64220.0,,,,,
2020S01,S1   2020,2020,S,Semi-annual,0,World,8,Liquefied natural gas carriers,1.1111,,11,,96625,,168189,,75321.0,,156000.0,,,,,
2020S01,S1   2020,2020,S,Semi-annual,36,Australia,0,All ships,1.4889,,21,,25790,,169379,,81834.0,,299688.0,,4653.0,,9572.0,
2020S01,S1   2020,2020,S,Semi-annual,36,Australia,1,Passenger ships,,,29,,4608,,169379,,,,,,,,,
2020S01,S1   2020,2020,S,Semi-annual,36,Australia,2,Liquid bulk carriers,1.2563,,8,,22571,,85496,,38315.0,,164274.0,,,,,
2020S01,S1   2020,2020,S,Semi-annual,36,Australia,3,Container ships,1.3083,,13,,50747,,109712,,,,,,4653.0,,9572.0,
2020S01,S1   2020,2020,S,Semi-annual,36,Australia,4,Dry breakbulk carriers,2.226,,12,,22170,,54725,,31804.0,,80500.0,,,,,
2020S01,S1   2020,2020,S,Semi-annual,36,Australia,5,Dry bulk carriers,1.6215,,10,,59257,,152457,,110888.0,,299688.0,,,,,
2020S01,S1   2020,2020,S,Semi-annual,36,Australia,6,Roll-on/ roll-off ships,,,13,,37141,,76420,,14643.0,,43878.0,,,,,
2020S01,S1   2020,2020,S,Semi-annual,36,Australia,7,Liquefied petroleum gas carriers,0.9323,,10,,13740,,50676,,15648.0,,58591.0,,,,,
2020S01,S1   2020,2020,S,Semi-annual,36,Australia,8,Liquefied natural gas carriers,1.1851,,9,,111338,,144978,,85324.0,,97730.0,,,,,
2020S01,S1   2020,2020,S,Semi-annual,124,Canada,0,All ships,0.9944,,27,,11129,,170618,,35515.0,,320780.0,,5192.0,,14414.0,
2020S01,S1   2020,2020,S,Semi-annual,124,Canada,1,Passenger ships,,,31,,6277,,149215,,,,,,,,,
2020S01,S1   2020,2020,S,Semi-annual,124,Canada,2,Liquid bulk carriers,1.0917,,12,,23713,,170618,,39795.0,,320780.0,,,,,
2020S01,S1   2020,2020,S,Semi-annual,124,Canada,3,Container ships,1.6229,,14,,57154,,153666,,,,,,5192.0,,14414.0,
2020S01,S1   2020,2020,S,Semi-annual,124,Canada,4,Dry breakbulk carriers,1.0125,,13,,13242,,41580,,18517.0,,56816.0,,,,,
2020S01,S1   2020,2020,S,Semi-annual,124,Canada,5,Dry bulk carriers,0.5833,,21,,29092,,109500,,49986.0,,209954.0,,,,,
2020S01,S1   2020,2020,S,Semi-annual,124,Canada,6,Roll-on/ roll-off ships,,,18,,10842,,100430,,6098.0,,55828.0,,,,,
2020S01,S1   2020,2020,S,Semi-annual,124,Canada,7,Liquefied petroleum gas carriers,1.4882,,11,,41307,,51035,,48907.0,,54804.0,,,,,
2020S01,S1   2020,2020,S,Semi-annual,156,China,0,All ships,1.0556,,13,,32136,,235500,,45636.0,,404389.0,,4665.0,,23964.0,
2020S01,S1   2020,2020,S,Semi-annual,156,China,1,Passenger ships,,,12,,15223,,169379,,,,,,,,,
2020S01,S1   2020,2020,S,Semi-annual,156,China,2,Liquid bulk carriers,1.1132,,11,,19487,,170004,,34000.0,,323182.0,,,,,
2020S01,S1   2020,2020,S,Semi-annual,156,China,3,Container ships,0.5951,,12,,49840,,235500,,,,,,4665.0,,23964.0,
2020S01,S1   2020,2020,S,Semi-annual,156,China,4,Dry breakbulk carriers,1.2507,,17,,10009,,91649,,14189.0,,101496.0,,,,,
2020S01,S1   2020,2020,S,Semi-annual,156,China,5,Dry bulk carriers,2.0215,,13,,41352,,204014,,75286.0,,404389.0,,,,,
2020S01,S1   2020,2020,S,Semi-annual,156,China,6,Roll-on/ roll-off ships,,,14,,34409,,76420,,11208.0,,43878.0,,,,,
2020S01,S1   2020,2020,S,Semi-annual,156,China,7,Liquefied petroleum gas carriers,1.0083,,15,,8225,,59226,,9047.0,,64220.0,,,,,
2020S01,S1   2020,2020,S,Semi-annual,156,China,8,Liquefied natural gas carriers,1.1778,,10,,95555,,168189,,76135.0,,155159.0,,,,,
2020S01,S1   2020,2020,S,Semi-annual,191,Croatia,0,All ships,1.1111,,17,,3635,,153744,,14636.0,,178361.0,,2951.0,,15226.0,
2020S01,S1   2020,2020,S,Semi-annual,191,Croatia,1,Passenger ships,,,16,,3175,,128052,,,,,,,,,
2020S01,S1   2020,2020,S,Semi-annual,191,Croatia,2,Liquid bulk carriers,0.9476,,14,,15627,,83545,,26853.0,,159999.0,,,,,
2020S01,S1   2020,2020,S,Semi-annual,191,Croatia,3,Container ships,0.6507,,13,,31594,,153744,,,,,,2951.0,,15226.0,
2020S01,S1   2020,2020,S,Semi-annual,191,Croatia,4,Dry breakbulk carriers,2.1979,,22,,4712,,45349,,6275.0,,52037.0,,,,,
2020S01,S1   2020,2020,S,Semi-annual,191,Croatia,5,Dry bulk carriers,1.7819,,35,,7300,,94035,,12040.0,,178361.0,,,,,
2020S01,S1   2020,2020,S,Semi-annual,208,Denmark,0,All ships,0.7868,,19,,9477,,214286,,7567.0,,159233.0,,1813.0,,19630.0,
2020S01,S1   2020,2020,S,Semi-annual,208,Denmark,1,Passenger ships,,,19,,9814,,75156,,,,,,,,,
2020S01,S1   2020,2020,S,Semi-annual,208,Denmark,2,Liquid bulk carriers,0.7076,,16,,8498,,90000,,13469.0,,159233.0,,,,,
2020S01,S1   2020,2020,S,Semi-annual,208,Denmark,3,Container ships,0.4458,,18,,19275,,214286,,,,,,1813.0,,19630.0,
2020S01,S1   2020,2020,S,Semi-annual,208,Denmark,4,Dry breakbulk carriers,0.9441,,24,,3025,,24778,,4081.0,,33217.0,,,,,
2020S01,S1   2020,2020,S,Semi-annual,208,Denmark,5,Dry bulk carriers,0.858,,15,,8922,,54486,,14477.0,,95263.0,,,,,
2020S01,S1   2020,2020,S,Semi-annual,208,Denmark,6,Roll-on/ roll-off ships,,,20,,20676,,59217,,12435.0,,24485.0,,,,,
2020S01,S1   2020,2020,S,Semi-annual,208,Denmark,7,Liquefied petroleum gas carriers,1.0302,,11,,5125,,20151,,5719.0,,24281.0,,,,,
2020S01,S1   2020,2020,S,Semi-annual,251,France,0,All ships,1.2042,,16,,22519,,235500,,16967.0,,320926.0,,5012.0,,23656.0,
2020S01,S1   2020,2020,S,Semi-annual,251,France,1,Passenger ships,,,17,,24270,,183900,,,,,,,,,
2020S01,S1   2020,2020,S,Semi-annual,251,France,2,Liquid bulk carriers,1.0958,,13,,11924,,166308,,19798.0,,320926.0,,,,,
2020S01,S1   2020,2020,S,Semi-annual,251,France,3,Container ships,0.8062,,14,,55802,,235500,,,,,,5012.0,,23656.0,
2020S01,S1   2020,2020,S,Semi-annual,251,France,4,Dry breakbulk carriers,1.7167,,17,,4627,,46112,,6471.0,,72924.0,,,,,
2020S01,S1   2020,2020,S,Semi-annual,251,France,5,Dry bulk carriers,3.1076,,13,,23795,,106952,,40825.0,,205203.0,,,,,
2020S01,S1   2020,2020,S,Semi-annual,251,France,6,Roll-on/ roll-off ships,,,16,,29581,,76420,,11906.0,,45200.0,,,,,
2020S01,S1   2020,2020,S,Semi-annual,251,France,7,Liquefied petroleum gas carriers,1.1017,,12,,8674,,48167,,9743.0,,58610.0,,,,,
2020S01,S1   2020,2020,S,Semi-annual,251,France,8,Liquefied natural gas carriers,1.1625,,9,,106800,,163922,,82536.0,,130026.0,,,,,
2020S01,S1   2020,2020,S,Semi-annual,276,Germany,0,All ships,0.8205,,19,,14244,,232618,,9305.0,,297638.0,,4455.0,,23964.0,
2020S01,S1   2020,2020,S,Semi-annual,276,Germany,1,Passenger ships,,,20,,12043,,125572,,,,,,,,,
2020S01,S1   2020,2020,S,Semi-annual,276,Germany,2,Liquid bulk carriers,0.5208,,17,,5045,,157316,,8436.0,,297638.0,,,,,
2020S01,S1   2020,2020,S,Semi-annual,276,Germany,3,Container ships,0.9667,,13,,48606,,232618,,,,,,4455.0,,23964.0,
2020S01,S1   2020,2020,S,Semi-annual,276,Germany,4,Dry breakbulk carriers,1.0104,,21,,3683,,71543,,4852.0,,62053.0,,,,,
2020S01,S1   2020,2020,S,Semi-annual,276,Germany,5,Dry bulk carriers,2.6139,,14,,27377,,109716,,47845.0,,211081.0,,,,,
2020S01,S1   2020,2020,S,Semi-annual,276,Germany,6,Roll-on/ roll-off ships,,,16,,30253,,100430,,12041.0,,55828.0,,,,,
2020S01,S1   2020,2020,S,Semi-annual,276,Germany,7,Liquefied petroleum gas carriers,0.8333,,13,,5416,,26261,,5922.0,,38427.0,,,,,
2020S01,S1   2020,2020,S,Semi-annual,300,Greece,0,All ships,0.849,,21,,8161,,215553,,7628.0,,174008.0,,3699.0,,21413.0,
2020S01,S1   2020,2020,S,Semi-annual,300,Greece,1,Passenger ships,,,19,,7240,,168666,,,,,,,,,
2020S01,S1   2020,2020,S,Semi-annual,300,Greece,2,Liquid bulk carriers,0.6354,,22,,5511,,87146,,8796.0,,167295.0,,,,,
2020S01,S1   2020,2020,S,Semi-annual,300,Greece,3,Container ships,0.9861,,16,,39631,,215553,,,,,,3699.0,,21413.0,
2020S01,S1   2020,2020,S,Semi-annual,300,Greece,4,Dry breakbulk carriers,1.2424,,33,,2767,,22064,,3875.0,,33422.0,,,,,
2020S01,S1   2020,2020,S,Semi-annual,300,Greece,5,Dry bulk carriers,0.4056,,26,,5981,,88930,,10076.0,,174008.0,,,,,
2020S01,S1   2020,2020,S,Semi-annual,300,Greece,6,Roll-on/ roll-off ships,,,32,,16602,,76420,,6983.0,,28818.0,,,,,
2020S01,S1   2020,2020,S,Semi-annual,300,Greece,7,Liquefied petroleum gas carriers,0.9722,,23,,5687,,17242,,6770.0,,18111.0,,,,,
2020S01,S1   2020,2020,S,Semi-annual,300,Greece,8,Liquefied natural gas carriers,1.2007,,11,,113469,,136980,,96312.0,,156000.0,,,,,
2020S01,S1   2020,2020,S,Semi-annual,360,Indonesia,0,All ships,1.2271,,21,,7842,,172000,,16280.0,,209325.0,,1534.0,,14855.0,
2020S01,S1   2020,2020,S,Semi-annual,360,Indonesia,1,Passenger ships,,,23,,4982,,110239,,,,,,,,,
2020S01,S1   2020,2020,S,Semi-annual,360,Indonesia,2,Liquid bulk carriers,1.1972,,16,,7718,,81866,,11910.0,,159313.0,,,,,
2020S01,S1   2020,2020,S,Semi-annual,360,Indonesia,3,Container ships,0.9799,,14,,15882,,172000,,,,,,1534.0,,14855.0,
2020S01,S1   2020,2020,S,Semi-annual,360,Indonesia,4,Dry breakbulk carriers,1.2073,,20,,4910,,49718,,6594.0,,81279.0,,,,,
2020S01,S1   2020,2020,S,Semi-annual,360,Indonesia,5,Dry bulk carriers,3.2125,,17,,25187,,108100,,44196.0,,209325.0,,,,,
2020S01,S1   2020,2020,S,Semi-annual,360,Indonesia,6,Roll-on/ roll-off ships,,,34,,9358,,66802,,4421.0,,22438.0,,,,,
2020S01,S1   2020,2020,S,Semi-annual,360,Indonesia,7,Liquefied petroleum gas carriers,1.0788,,20,,9878,,50676,,10998.0,,58899.0,,,,,
2020S01,S1   2020,2020,S,Semi-annual,360,Indonesia,8,Liquefied natural gas carriers,1.4003,,20,,87301,,139049,,68621.0,,97794.0,,,,,
2020S01,S1   2020,2020,S,Semi-annual,380,Italy,0,All ships,1.3111,,26,,9657,,232618,,18260.0,,298563.0,,4031.0,,23756.0,
2020S01,S1   2020,2020,S,Semi-annual,380,Italy,1,Passenger ships,,,29,,5955,,183900,,,,,,,,,
2020S01,S1   2020,2020,S,Semi-annual,380,Italy,2,Liquid bulk carriers,1.2986,,17,,16104,,159087,,27280.0,,298563.0,,,,,
2020S01,S1   2020,2020,S,Semi-annual,380,Italy,3,Container ships,0.916,,16,,44139,,232618,,,,,,4031.0,,23756.0,
2020S01,S1   2020,2020,S,Semi-annual,380,Italy,4,Dry breakbulk carriers,2.0542,,20,,6031,,46112,,8180.0,,72924.0,,,,,
2020S01,S1   2020,2020,S,Semi-annual,380,Italy,5,Dry bulk carriers,3.6125,,14,,22371,,94542,,38155.0,,181110.0,,,,,
2020S01,S1   2020,2020,S,Semi-annual,380,Italy,6,Roll-on/ roll-off ships,,,13,,31381,,76420,,12485.0,,45200.0,,,,,
2020S01,S1   2020,2020,S,Semi-annual,380,Italy,7,Liquefied petroleum gas carriers,1.5465,,12,,8925,,25079,,9982.0,,28100.0,,,,,
2020S01,S1   2020,2020,S,Semi-annual,392,Japan,0,All ships,0.3993,,14,,10709,,201989,,14947.0,,400440.0,,1600.0,,18400.0,
2020S01,S1   2020,2020,S,Semi-annual,392,Japan,1,Passenger ships,,,16,,5109,,169379,,,,,,,,,
2020S01,S1   2020,2020,S,Semi-annual,392,Japan,2,Liquid bulk carriers,0.3063,,12,,8069,,167578,,13715.0,,321137.0,,,,,
2020S01,S1   2020,2020,S,Semi-annual,392,Japan,3,Container ships,0.3354,,13,,16666,,192237,,,,,,1600.0,,18400.0,
2020S01,S1   2020,2020,S,Semi-annual,392,Japan,4,Dry breakbulk carriers,1.1708,,15,,6497,,49854,,8754.0,,80500.0,,,,,
2020S01,S1   2020,2020,S,Semi-annual,392,Japan,5,Dry bulk carriers,0.8396,,14,,17103,,201989,,29737.0,,400440.0,,,,,
2020S01,S1   2020,2020,S,Semi-annual,392,Japan,6,Roll-on/ roll-off ships,,,12,,16757,,76420,,7291.0,,43878.0,,,,,
2020S01,S1   2020,2020,S,Semi-annual,392,Japan,7,Liquefied petroleum gas carriers,0.3403,,15,,6559,,51035,,7191.0,,58811.0,,,,,
2020S01,S1   2020,2020,S,Semi-annual,392,Japan,8,Liquefied natural gas carriers,0.9958,,14,,71816,,149367,,52010.0,,121963.0,,,,,
2020S01,S1   2020,2020,S,Semi-annual,410,"Korea, Republic of",0,All ships,0.8431,,15,,21260,,235500,,23537.0,,326932.0,,3003.0,,23964.0,
2020S01,S1   2020,2020,S,Semi-annual,410,"Korea, Republic of",1,Passenger ships,,,17,,17860,,169379,,,,,,,,,
2020S01,S1   2020,2020,S,Semi-annual,410,"Korea, Republic of",2,Liquid bulk carriers,0.8056,,13,,15490,,170004,,26991.0,,321300.0,,,,,
2020S01,S1   2020,2020,S,Semi-annual,410,"Korea, Republic of",3,Container ships,0.6153,,13,,32135,,235500,,,,,,3003.0,,23964.0,
2020S01,S1   2020,2020,S,Semi-annual,410,"Korea, Republic of",4,Dry breakbulk carriers,1.2375,,18,,5397,,91649,,7664.0,,101496.0,,,,,
2020S01,S1   2020,2020,S,Semi-annual,410,"Korea, Republic of",5,Dry bulk carriers,2.0333,,15,,28617,,172521,,51555.0,,326932.0,,,,,
2020S01,S1   2020,2020,S,Semi-annual,410,"Korea, Republic of",6,Roll-on/ roll-off ships,,,18,,29822,,76420,,12030.0,,43878.0,,,,,
2020S01,S1   2020,2020,S,Semi-annual,410,"Korea, Republic of",7,Liquefied petroleum gas carriers,0.8674,,17,,7986,,49394,,8647.0,,58811.0,,,,,
2020S01,S1   2020,2020,S,Semi-annual,410,"Korea, Republic of",8,Liquefied natural gas carriers,1.025,,12,,109849,,168189,,86196.0,,155159.0,,,,,
2020S01,S1   2020,2020,S,Semi-annual,528,Netherlands,0,All ships,0.5889,,17,,13223,,235500,,14360.0,,320926.0,,2997.0,,23964.0,
2020S01,S1   2020,2020,S,Semi-annual,528,Netherlands,1,Passenger ships,,,15,,14748,,150695,,,,,,,,,
2020S01,S1   2020,2020,S,Semi-annual,528,Netherlands,2,Liquid bulk carriers,0.5472,,16,,9914,,166308,,18084.0,,320926.0,,,,,
2020S01,S1   2020,2020,S,Semi-annual,528,Netherlands,3,Container ships,0.7917,,14,,32410,,235500,,,,,,2997.0,,23964.0,
2020S01,S1   2020,2020,S,Semi-annual,528,Netherlands,4,Dry breakbulk carriers,0.4,,19,,3830,,71543,,5200.0,,88272.0,,,,,
2020S01,S1   2020,2020,S,Semi-annual,528,Netherlands,5,Dry bulk carriers,0.2111,,11,,34763,,118305,,61408.0,,233584.0,,,,,
2020S01,S1   2020,2020,S,Semi-annual,528,Netherlands,6,Roll-on/ roll-off ships,,,22,,16876,,76420,,6704.0,,32246.0,,,,,
2020S01,S1   2020,2020,S,Semi-annual,528,Netherlands,7,Liquefied petroleum gas carriers,0.9757,,12,,7553,,48542,,8530.0,,55209.0,,,,,
2020S01,S1   2020,2020,S,Semi-annual,528,Netherlands,8,Liquefied natural gas carriers,1.0326,,5,,71706,,139050,,55103.0,,109661.0,,,,,
2020S01,S1   2020,2020,S,Semi-annual,579,Norway,0,All ships,0.4028,,15,,4023,,165680,,7354.0,,320392.0,,839.0,,1730.0,
2020S01,S1   2020,2020,S,Semi-annual,579,Norway,1,Passenger ships,,,14,,3837,,76152,,,,,,,,,
2020S01,S1   2020,2020,S,Semi-annual,579,Norway,2,Liquid bulk carriers,0.6035,,15,,13187,,165680,,21566.0,,320392.0,,,,,
2020S01,S1   2020,2020,S,Semi-annual,579,Norway,3,Container ships,0.3295,,16,,8836,,16802,,,,,,839.0,,1730.0,
2020S01,S1   2020,2020,S,Semi-annual,579,Norway,4,Dry breakbulk carriers,0.3042,,23,,2771,,39258,,3277.0,,61860.0,,,,,
2020S01,S1   2020,2020,S,Semi-annual,579,Norway,5,Dry bulk carriers,0.8472,,15,,17279,,109716,,29272.0,,211081.0,,,,,
2020S01,S1   2020,2020,S,Semi-annual,579,Norway,6,Roll-on/ roll-off ships,,,18,,10317,,67378,,6252.0,,28388.0,,,,,
2020S01,S1   2020,2020,S,Semi-annual,579,Norway,7,Liquefied petroleum gas carriers,0.7705,,11,,11114,,48060,,12364.0,,55209.0,,,,,
2020S01,S1   2020,2020,S,Semi-annual,579,Norway,8,Liquefied natural gas carriers,0.2576,,14,,19219,,121597,,13676.0,,95743.0,,,,,
2020S01,S1   2020,2020,S,Semi-annual,643,Russian Federation,0,All ships,1.4424,,25,,12096,,164796,,17904.0,,317502.0,,1516.0,,9400.0,
2020S01,S1   2020,2020,S,Semi-annual,643,Russian Federation,1,Passenger ships,,,36,,8247,,12288,,,,,,,,,
2020S01,S1   2020,2020,S,Semi-annual,643,Russian Federation,2,Liquid bulk carriers,1.1437,,23,,14062,,164796,,23851.0,,317502.0,,,,,
2020S01,S1   2020,2020,S,Semi-annual,643,Russian Federation,3,Container ships,1.3253,,18,,16717,,95256,,,,,,1516.0,,9400.0,
2020S01,S1   2020,2020,S,Semi-annual,643,Russian Federation,4,Dry breakbulk carriers,1.7493,,31,,4036,,43528,,5138.0,,62053.0,,,,,
2020S01,S1   2020,2020,S,Semi-annual,643,Russian Federation,5,Dry bulk carriers,2.4722,,13,,28189,,95309,,49351.0,,182618.0,,,,,
2020S01,S1   2020,2020,S,Semi-annual,643,Russian Federation,6,Roll-on/ roll-off ships,,,31,,10917,,43810,,5739.0,,22910.0,,,,,
2020S01,S1   2020,2020,S,Semi-annual,643,Russian Federation,7,Liquefied petroleum gas carriers,1.3903,,11,,9461,,27725,,11016.0,,41158.0,,,,,
2020S01,S1   2020,2020,S,Semi-annual,643,Russian Federation,8,Liquefied natural gas carriers,1.0688,,8,,102837,,133948,,75224.0,,97000.0,,,,,
2020S01,S1   2020,2020,S,Semi-annual,724,Spain,0,All ships,0.9021,,17,,16447,,232618,,14031.0,,208000.0,,3257.0,,23756.0,
2020S01,S1   2020,2020,S,Semi-annual,724,Spain,1,Passenger ships,,,19,,13475,,220000,,,,,,,,,
2020S01,S1   2020,2020,S,Semi-annual,724,Spain,2,Liquid bulk carriers,0.9007,,12,,10418,,87146,,16963.0,,166300.0,,,,,
2020S01,S1   2020,2020,S,Semi-annual,724,Spain,3,Container ships,0.6632,,15,,35800,,232618,,,,,,3257.0,,23756.0,
2020S01,S1   2020,2020,S,Semi-annual,724,Spain,4,Dry breakbulk carriers,1.2389,,16,,5262,,71543,,7285.0,,62980.0,,,,,
2020S01,S1   2020,2020,S,Semi-annual,724,Spain,5,Dry bulk carriers,1.8323,,17,,21521,,107737,,36923.0,,208000.0,,,,,
2020S01,S1   2020,2020,S,Semi-annual,724,Spain,6,Roll-on/ roll-off ships,,,17,,22643,,76420,,8174.0,,45200.0,,,,,
2020S01,S1   2020,2020,S,Semi-annual,724,Spain,7,Liquefied petroleum gas carriers,1.0097,,14,,9308,,48502,,10977.0,,58610.0,,,,,
2020S01,S1   2020,2020,S,Semi-annual,724,Spain,8,Liquefied natural gas carriers,1.0375,,9,,95855,,136980,,76071.0,,156000.0,,,,,
2020S01,S1   2020,2020,S,Semi-annual,752,Sweden,0,All ships,0.8087,,22,,15352,,214286,,9067.0,,307284.0,,1550.0,,19630.0,
2020S01,S1   2020,2020,S,Semi-annual,752,Sweden,1,Passenger ships,,,24,,18612,,58377,,,,,,,,,
2020S01,S1   2020,2020,S,Semi-annual,752,Sweden,2,Liquid bulk carriers,0.6983,,14,,8963,,159911,,13799.0,,307284.0,,,,,
2020S01,S1   2020,2020,S,Semi-annual,752,Sweden,3,Container ships,0.6361,,15,,16616,,214286,,,,,,1550.0,,19630.0,
2020S01,S1   2020,2020,S,Semi-annual,752,Sweden,4,Dry breakbulk carriers,1.0552,,21,,3766,,43788,,5275.0,,55807.0,,,,,
2020S01,S1   2020,2020,S,Semi-annual,752,Sweden,5,Dry bulk carriers,0.4979,,29,,7279,,44043,,10680.0,,82654.0,,,,,
2020S01,S1   2020,2020,S,Semi-annual,752,Sweden,6,Roll-on/ roll-off ships,,,20,,27029,,75283,,10236.0,,31143.0,,,,,
2020S01,S1   2020,2020,S,Semi-annual,752,Sweden,7,Liquefied petroleum gas carriers,0.849,,14,,7823,,48655,,8567.0,,54655.0,,,,,
2020S01,S1   2020,2020,S,Semi-annual,792,Türkiye,0,All ships,1.1858,,25,,6122,,194308,,16083.0,,303994.0,,3070.0,,19462.0,
2020S01,S1   2020,2020,S,Semi-annual,792,Türkiye,1,Passenger ships,,,26,,1610,,54310,,,,,,,,,
2020S01,S1   2020,2020,S,Semi-annual,792,Türkiye,2,Liquid bulk carriers,1.1976,,14,,17594,,159872,,30362.0,,303994.0,,,,,
2020S01,S1   2020,2020,S,Semi-annual,792,Türkiye,3,Container ships,0.6056,,17,,33838,,194308,,,,,,3070.0,,19462.0,
2020S01,S1   2020,2020,S,Semi-annual,792,Türkiye,4,Dry breakbulk carriers,1.5215,,28,,4127,,43528,,5793.0,,62051.0,,,,,
2020S01,S1   2020,2020,S,Semi-annual,792,Türkiye,5,Dry bulk carriers,3.8139,,15,,25579,,95276,,44189.0,,183049.0,,,,,
2020S01,S1   2020,2020,S,Semi-annual,792,Türkiye,6,Roll-on/ roll-off ships,,,25,,21251,,76420,,8092.0,,45200.0,,,,,
2020S01,S1   2020,2020,S,Semi-annual,792,Türkiye,7,Liquefied petroleum gas carriers,1.2319,,16,,19028,,49394,,21692.0,,55047.0,,,,,
2020S01,S1   2020,2020,S,Semi-annual,792,Türkiye,8,Liquefied natural gas carriers,1.2951,,11,,113016,,137535,,92401.0,,122079.0,,,,,
2020S01,S1   2020,2020,S,Semi-annual,842,United States of America,0,All ships,1.4625,,24,,16172,,232618,,47874.0,,323183.0,,5237.0,,22000.0,
2020S01,S1   2020,2020,S,Semi-annual,842,United States of America,1,Passenger ships,,,28,,6944,,228081,,,,,,,,,
2020S01,S1   2020,2020,S,Semi-annual,842,United States of America,2,Liquid bulk carriers,1.6444,,11,,35206,,170618,,60894.0,,323183.0,,,,,
2020S01,S1   2020,2020,S,Semi-annual,842,United States of America,3,Container ships,1.0132,,14,,58188,,232618,,,,,,5237.0,,22000.0,
2020S01,S1   2020,2020,S,Semi-annual,842,United States of America,4,Dry breakbulk carriers,1.9313,,18,,12981,,91649,,18034.0,,101496.0,,,,,
2020S01,S1   2020,2020,S,Semi-annual,842,United States of America,5,Dry bulk carriers,2.1361,,17,,29196,,109824,,51120.0,,211081.0,,,,,
2020S01,S1   2020,2020,S,Semi-annual,842,United States of America,6,Roll-on/ roll-off ships,,,13,,59500,,100430,,22578.0,,55828.0,,,,,
2020S01,S1   2020,2020,S,Semi-annual,842,United States of America,7,Liquefied petroleum gas carriers,1.9736,,9,,31372,,59226,,35840.0,,59138.0,,,,,
2020S01,S1   2020,2020,S,Semi-annual,842,United States of America,8,Liquefied natural gas carriers,1.2222,,6,,104630,,149367,,83373.0,,156000.0,,,,,
2020S01,S1   2020,2020,S,Semi-annual,926,United Kingdom,0,All ships,1.1014,,17,,15309,,235500,,12920.0,,321300.0,,3359.0,,23964.0,
2020S01,S1   2020,2020,S,Semi-annual,926,United Kingdom,1,Passenger ships,,,17,,13982,,220000,,,,,,,,,
2020S01,S1   2020,2020,S,Semi-annual,926,United Kingdom,2,Liquid bulk carriers,1.0521,,14,,12857,,164364,,21568.0,,321300.0,,,,,
2020S01,S1   2020,2020,S,Semi-annual,926,United Kingdom,3,Container ships,0.7083,,15,,36628,,235500,,,,,,3359.0,,23964.0,
2020S01,S1   2020,2020,S,Semi-annual,926,United Kingdom,4,Dry breakbulk carriers,1.5222,,19,,3339,,71543,,4595.0,,55973.0,,,,,
2020S01,S1   2020,2020,S,Semi-annual,926,United Kingdom,5,Dry bulk carriers,2.5,,12,,28023,,95047,,48378.0,,181305.0,,,,,
2020S01,S1   2020,2020,S,Semi-annual,926,United Kingdom,6,Roll-on/ roll-off ships,,,14,,23979,,100430,,9788.0,,55828.0,,,,,
2020S01,S1   2020,2020,S,Semi-annual,926,United Kingdom,7,Liquefied petroleum gas carriers,1.0698,,12,,7081,,47342,,7500.0,,54561.0,,,,,
2020S01,S1   2020,2020,S,Semi-annual,926,United Kingdom,8,Liquefied natural gas carriers,1.3566,,8,,115061,,168189,,93633.0,,154940.0,,,,,
2020S02,S2   2020,2020,S,Semi-annual,0,World,0,All ships,1.0021,,18,,14242,,237200,,24800.0,,404389.0,,3575.0,,23964.0,
2020S02,S2   2020,2020,S,Semi-annual,0,World,1,Passenger ships,,,20,,6971,,228081,,,,,,,,,
2020S02,S2   2020,2020,S,Semi-annual,0,World,2,Liquid bulk carriers,0.966,,14,,15581,,170618,,27016.0,,323183.0,,,,,
2020S02,S2   2020,2020,S,Semi-annual,0,World,3,Container ships,0.7257,,13,,38614,,237200,,,,,,3575.0,,23964.0,
2020S02,S2   2020,2020,S,Semi-annual,0,World,4,Dry breakbulk carriers,1.1278,,21,,5411,,91784,,7370.0,,116173.0,,,,,
2020S02,S2   2020,2020,S,Semi-annual,0,World,5,Dry bulk carriers,2.0465,,14,,32028,,204014,,57225.0,,404389.0,,,,,
2020S02,S2   2020,2020,S,Semi-annual,0,World,6,Roll-on/ roll-off ships,,,17,,25670,,100430,,10338.0,,55828.0,,,,,
2020S02,S2   2020,2020,S,Semi-annual,0,World,7,Liquefied petroleum gas carriers,1.0444,,14,,10806,,59229,,12118.0,,64220.0,,,,,
2020S02,S2   2020,2020,S,Semi-annual,0,World,8,Liquefied natural gas carriers,1.1281,,11,,93946,,168189,,73163.0,,155159.0,,,,,
2020S02,S2   2020,2020,S,Semi-annual,36,Australia,0,All ships,1.5229,,20,,26294,,152457,,81407.0,,299688.0,,4904.0,,9572.0,
2020S02,S2   2020,2020,S,Semi-annual,36,Australia,1,Passenger ships,,,30,,2147,,29338,,,,,,,,,
2020S02,S2   2020,2020,S,Semi-annual,36,Australia,2,Liquid bulk carriers,1.2965,,8,,23220,,85030,,39381.0,,159021.0,,,,,
2020S02,S2   2020,2020,S,Semi-annual,36,Australia,3,Container ships,1.5545,,13,,54260,,109712,,,,,,4904.0,,9572.0,
2020S02,S2   2020,2020,S,Semi-annual,36,Australia,4,Dry breakbulk carriers,1.8535,,11,,18710,,91649,,27419.0,,101496.0,,,,,
2020S02,S2   2020,2020,S,Semi-annual,36,Australia,5,Dry bulk carriers,1.6028,,10,,59500,,152457,,111350.0,,299688.0,,,,,
2020S02,S2   2020,2020,S,Semi-annual,36,Australia,6,Roll-on/ roll-off ships,,,12,,38900,,76420,,14812.0,,43878.0,,,,,
2020S02,S2   2020,2020,S,Semi-annual,36,Australia,7,Liquefied petroleum gas carriers,0.8938,,9,,13423,,51035,,15218.0,,58591.0,,,,,
2020S02,S2   2020,2020,S,Semi-annual,36,Australia,8,Liquefied natural gas carriers,1.2038,,9,,112262,,144978,,85355.0,,97730.0,,,,,
2020S02,S2   2020,2020,S,Semi-annual,124,Canada,0,All ships,0.625,,26,,11019,,172000,,34074.0,,317713.0,,5309.0,,15128.0,
2020S02,S2   2020,2020,S,Semi-annual,124,Canada,1,Passenger ships,,,29,,6174,,30285,,,,,,,,,
2020S02,S2   2020,2020,S,Semi-annual,124,Canada,2,Liquid bulk carriers,1.0806,,11,,23487,,160882,,39126.0,,317713.0,,,,,
2020S02,S2   2020,2020,S,Semi-annual,124,Canada,3,Container ships,1.8628,,13,,59250,,172000,,,,,,5309.0,,15128.0,
2020S02,S2   2020,2020,S,Semi-annual,124,Canada,4,Dry breakbulk carriers,0.4313,,12,,11097,,49091,,15401.0,,63581.0,,,,,
2020S02,S2   2020,2020,S,Semi-annual,124,Canada,5,Dry bulk carriers,0.2792,,23,,26662,,109731,,45192.0,,210000.0,,,,,
2020S02,S2   2020,2020,S,Semi-annual,124,Canada,6,Roll-on/ roll-off ships,,,19,,10982,,100430,,6159.0,,55828.0,,,,,
2020S02,S2   2020,2020,S,Semi-annual,124,Canada,7,Liquefied petroleum gas carriers,1.5288,,12,,42200,,51035,,50392.0,,58591.0,,,,,
2020S02,S2   2020,2020,S,Semi-annual,156,China,0,All ships,1.0958,,13,,32371,,237200,,46177.0,,404389.0,,4611.0,,23964.0,
2020S02,S2   2020,2020,S,Semi-annual,156,China,1,Passenger ships,,,13,,16135,,169379,,,,,,,,,
2020S02,S2   2020,2020,S,Semi-annual,156,China,2,Liquid bulk carriers,1.1646,,11,,21058,,170618,,36953.0,,323183.0,,,,,
2020S02,S2   2020,2020,S,Semi-annual,156,China,3,Container ships,0.6479,,12,,49176,,237200,,,,,,4611.0,,23964.0,
2020S02,S2   2020,2020,S,Semi-annual,156,China,4,Dry breakbulk carriers,1.2924,,16,,10187,,91784,,14433.0,,116173.0,,,,,
2020S02,S2   2020,2020,S,Semi-annual,156,China,5,Dry bulk carriers,2.0146,,13,,40533,,204014,,73659.0,,404389.0,,,,,
2020S02,S2   2020,2020,S,Semi-annual,156,China,6,Roll-on/ roll-off ships,,,13,,35035,,76420,,11561.0,,43878.0,,,,,
2020S02,S2   2020,2020,S,Semi-annual,156,China,7,Liquefied petroleum gas carriers,1.0368,,13,,9364,,59229,,10242.0,,64220.0,,,,,
2020S02,S2   2020,2020,S,Semi-annual,156,China,8,Liquefied natural gas carriers,1.2007,,9,,96938,,168189,,77220.0,,154940.0,,,,,
2020S02,S2   2020,2020,S,Semi-annual,191,Croatia,0,All ships,1.1118,,15,,3463,,153744,,16472.0,,177657.0,,3355.0,,15226.0,
2020S02,S2   2020,2020,S,Semi-annual,191,Croatia,1,Passenger ships,,,15,,3081,,69472,,,,,,,,,
2020S02,S2   2020,2020,S,Semi-annual,191,Croatia,2,Liquid bulk carriers,0.8951,,14,,17317,,84850,,30212.0,,164733.0,,,,,
2020S02,S2   2020,2020,S,Semi-annual,191,Croatia,3,Container ships,0.5719,,14,,35287,,153744,,,,,,3355.0,,15226.0,
2020S02,S2   2020,2020,S,Semi-annual,191,Croatia,4,Dry breakbulk carriers,2.3253,,22,,4936,,30983,,6673.0,,54204.0,,,,,
2020S02,S2   2020,2020,S,Semi-annual,191,Croatia,5,Dry bulk carriers,2.5951,,34,,8338,,91775,,13808.0,,177657.0,,,,,
2020S02,S2   2020,2020,S,Semi-annual,208,Denmark,0,All ships,0.7601,,19,,9593,,214286,,7517.0,,159314.0,,1763.0,,19630.0,
2020S02,S2   2020,2020,S,Semi-annual,208,Denmark,1,Passenger ships,,,19,,9884,,168800,,,,,,,,,
2020S02,S2   2020,2020,S,Semi-annual,208,Denmark,2,Liquid bulk carriers,0.6837,,16,,8168,,90000,,12868.0,,159314.0,,,,,
2020S02,S2   2020,2020,S,Semi-annual,208,Denmark,3,Container ships,0.4483,,14,,19649,,214286,,,,,,1763.0,,19630.0,
2020S02,S2   2020,2020,S,Semi-annual,208,Denmark,4,Dry breakbulk carriers,0.9118,,24,,3017,,40169,,4076.0,,48821.0,,,,,
2020S02,S2   2020,2020,S,Semi-annual,208,Denmark,5,Dry bulk carriers,0.8618,,11,,8983,,49973,,14551.0,,92598.0,,,,,
2020S02,S2   2020,2020,S,Semi-annual,208,Denmark,6,Roll-on/ roll-off ships,,,19,,21721,,60500,,12069.0,,24485.0,,,,,
2020S02,S2   2020,2020,S,Semi-annual,208,Denmark,7,Liquefied petroleum gas carriers,1.059,,12,,4178,,9835,,4764.0,,12008.0,,,,,
2020S02,S2   2020,2020,S,Semi-annual,251,France,0,All ships,1.1035,,16,,20900,,236583,,15896.0,,317794.0,,5157.0,,23000.0,
2020S02,S2   2020,2020,S,Semi-annual,251,France,1,Passenger ships,,,18,,21080,,183900,,,,,,,,,
2020S02,S2   2020,2020,S,Semi-annual,251,France,2,Liquid bulk carriers,1.0194,,13,,11352,,160882,,18769.0,,317794.0,,,,,
2020S02,S2   2020,2020,S,Semi-annual,251,France,3,Container ships,0.7615,,13,,57442,,236583,,,,,,5157.0,,23000.0,
2020S02,S2   2020,2020,S,Semi-annual,251,France,4,Dry breakbulk carriers,1.5778,,17,,4634,,41580,,6364.0,,62045.0,,,,,
2020S02,S2   2020,2020,S,Semi-annual,251,France,5,Dry bulk carriers,2.7743,,13,,23590,,94544,,41470.0,,182913.0,,,,,
2020S02,S2   2020,2020,S,Semi-annual,251,France,6,Roll-on/ roll-off ships,,,15,,30804,,76420,,12172.0,,48988.0,,,,,
2020S02,S2   2020,2020,S,Semi-annual,251,France,7,Liquefied petroleum gas carriers,1.1583,,11,,9584,,48060,,10733.0,,54592.0,,,,,
2020S02,S2   2020,2020,S,Semi-annual,251,France,8,Liquefied natural gas carriers,1.167,,9,,101818,,163922,,80128.0,,130298.0,,,,,
2020S02,S2   2020,2020,S,Semi-annual,276,Germany,0,All ships,0.7958,,19,,13227,,236583,,8822.0,,319000.0,,4429.0,,23964.0,
2020S02,S2   2020,2020,S,Semi-annual,276,Germany,1,Passenger ships,,,20,,11060,,111554,,,,,,,,,
2020S02,S2   2020,2020,S,Semi-annual,276,Germany,2,Liquid bulk carriers,0.5049,,18,,4713,,160874,,7705.0,,319000.0,,,,,
2020S02,S2   2020,2020,S,Semi-annual,276,Germany,3,Container ships,1.0,,13,,49059,,236583,,,,,,4429.0,,23964.0,
2020S02,S2   2020,2020,S,Semi-annual,276,Germany,4,Dry breakbulk carriers,0.9069,,21,,3536,,44866,,4675.0,,72400.0,,,,,
2020S02,S2   2020,2020,S,Semi-annual,276,Germany,5,Dry bulk carriers,2.2295,,12,,28942,,109716,,50301.0,,209240.0,,,,,
2020S02,S2   2020,2020,S,Semi-annual,276,Germany,6,Roll-on/ roll-off ships,,,17,,29254,,100430,,11668.0,,55828.0,,,,,
2020S02,S2   2020,2020,S,Semi-annual,276,Germany,7,Liquefied petroleum gas carriers,0.8528,,13,,5603,,48963,,6097.0,,54656.0,,,,,
2020S02,S2   2020,2020,S,Semi-annual,300,Greece,0,All ships,0.7997,,22,,7909,,215553,,7544.0,,166300.0,,4073.0,,21413.0,
2020S02,S2   2020,2020,S,Semi-annual,300,Greece,1,Passenger ships,,,21,,7100,,168666,,,,,,,,,
2020S02,S2   2020,2020,S,Semi-annual,300,Greece,2,Liquid bulk carriers,0.6007,,21,,5651,,87146,,8979.0,,166300.0,,,,,
2020S02,S2   2020,2020,S,Semi-annual,300,Greece,3,Container ships,0.9729,,15,,43799,,215553,,,,,,4073.0,,21413.0,
2020S02,S2   2020,2020,S,Semi-annual,300,Greece,4,Dry breakbulk carriers,1.0951,,33,,2745,,66870,,3816.0,,71955.0,,,,,
2020S02,S2   2020,2020,S,Semi-annual,300,Greece,5,Dry bulk carriers,0.4455,,26,,6007,,44180,,10038.0,,83002.0,,,,,
2020S02,S2   2020,2020,S,Semi-annual,300,Greece,6,Roll-on/ roll-off ships,,,31,,16392,,76420,,6967.0,,48988.0,,,,,
2020S02,S2   2020,2020,S,Semi-annual,300,Greece,7,Liquefied petroleum gas carriers,1.0007,,24,,4925,,16808,,5839.0,,18955.0,,,,,
2020S02,S2   2020,2020,S,Semi-annual,300,Greece,8,Liquefied natural gas carriers,1.2955,,10,,107042,,137535,,83719.0,,121730.0,,,,,
2020S02,S2   2020,2020,S,Semi-annual,360,Indonesia,0,All ships,1.2174,,20,,7510,,157098,,15917.0,,300542.0,,1486.0,,6921.0,
2020S02,S2   2020,2020,S,Semi-annual,360,Indonesia,1,Passenger ships,,,21,,4842,,20563,,,,,,,,,
2020S02,S2   2020,2020,S,Semi-annual,360,Indonesia,2,Liquid bulk carriers,1.241,,15,,8141,,157098,,12627.0,,300542.0,,,,,
2020S02,S2   2020,2020,S,Semi-annual,360,Indonesia,3,Container ships,0.9958,,14,,15090,,75579,,,,,,1486.0,,6921.0,
2020S02,S2   2020,2020,S,Semi-annual,360,Indonesia,4,Dry breakbulk carriers,1.0896,,20,,5056,,49854,,6594.0,,65035.0,,,,,
2020S02,S2   2020,2020,S,Semi-annual,360,Indonesia,5,Dry bulk carriers,2.9785,,17,,24600,,108051,,43036.0,,209951.0,,,,,
2020S02,S2   2020,2020,S,Semi-annual,360,Indonesia,6,Roll-on/ roll-off ships,,,33,,8554,,76387,,3935.0,,21021.0,,,,,
2020S02,S2   2020,2020,S,Semi-annual,360,Indonesia,7,Liquefied petroleum gas carriers,1.1049,,19,,9832,,49394,,10827.0,,58899.0,,,,,
2020S02,S2   2020,2020,S,Semi-annual,360,Indonesia,8,Liquefied natural gas carriers,1.4076,,18,,82744,,133948,,65485.0,,94494.0,,,,,
2020S02,S2   2020,2020,S,Semi-annual,380,Italy,0,All ships,1.3101,,27,,9333,,232618,,17621.0,,181403.0,,3742.0,,23756.0,
2020S02,S2   2020,2020,S,Semi-annual,380,Italy,1,Passenger ships,,,29,,6655,,183900,,,,,,,,,
2020S02,S2   2020,2020,S,Semi-annual,380,Italy,2,Liquid bulk carriers,1.2729,,18,,15657,,86952,,26391.0,,166467.0,,,,,
2020S02,S2   2020,2020,S,Semi-annual,380,Italy,3,Container ships,0.9264,,16,,41266,,232618,,,,,,3742.0,,23756.0,
2020S02,S2   2020,2020,S,Semi-annual,380,Italy,4,Dry breakbulk carriers,2.0264,,19,,6097,,66870,,8434.0,,71955.0,,,,,
2020S02,S2   2020,2020,S,Semi-annual,380,Italy,5,Dry bulk carriers,3.4809,,16,,20964,,93010,,35826.0,,181403.0,,,,,
2020S02,S2   2020,2020,S,Semi-annual,380,Italy,6,Roll-on/ roll-off ships,,,13,,30551,,76420,,12217.0,,45200.0,,,,,
2020S02,S2   2020,2020,S,Semi-annual,380,Italy,7,Liquefied petroleum gas carriers,1.7056,,13,,8420,,25937,,9547.0,,29565.0,,,,,
2020S02,S2   2020,2020,S,Semi-annual,392,Japan,0,All ships,0.3951,,13,,10656,,192237,,14583.0,,327017.0,,1641.0,,18400.0,
2020S02,S2   2020,2020,S,Semi-annual,392,Japan,1,Passenger ships,,,15,,4831,,50444,,,,,,,,,
2020S02,S2   2020,2020,S,Semi-annual,392,Japan,2,Liquid bulk carriers,0.3118,,12,,7687,,162858,,12957.0,,318000.0,,,,,
2020S02,S2   2020,2020,S,Semi-annual,392,Japan,3,Container ships,0.3389,,12,,17145,,192237,,,,,,1641.0,,18400.0,
2020S02,S2   2020,2020,S,Semi-annual,392,Japan,4,Dry breakbulk carriers,1.0986,,14,,6704,,51065,,8951.0,,80344.0,,,,,
2020S02,S2   2020,2020,S,Semi-annual,392,Japan,5,Dry bulk carriers,0.8194,,13,,16788,,161294,,29143.0,,327017.0,,,,,
2020S02,S2   2020,2020,S,Semi-annual,392,Japan,6,Roll-on/ roll-off ships,,,11,,17348,,76420,,7539.0,,43878.0,,,,,
2020S02,S2   2020,2020,S,Semi-annual,392,Japan,7,Liquefied petroleum gas carriers,0.3319,,14,,6138,,51035,,6671.0,,58811.0,,,,,
2020S02,S2   2020,2020,S,Semi-annual,392,Japan,8,Liquefied natural gas carriers,1.0354,,13,,79906,,149367,,57826.0,,122006.0,,,,,
2020S02,S2   2020,2020,S,Semi-annual,410,"Korea, Republic of",0,All ships,0.8722,,14,,21580,,237200,,23195.0,,327017.0,,3111.0,,23964.0,
2020S02,S2   2020,2020,S,Semi-annual,410,"Korea, Republic of",1,Passenger ships,,,15,,16130,,169379,,,,,,,,,
2020S02,S2   2020,2020,S,Semi-annual,410,"Korea, Republic of",2,Liquid bulk carriers,0.7792,,12,,14651,,167168,,25388.0,,322829.0,,,,,
2020S02,S2   2020,2020,S,Semi-annual,410,"Korea, Republic of",3,Container ships,0.6667,,13,,33452,,237200,,,,,,3111.0,,23964.0,
2020S02,S2   2020,2020,S,Semi-annual,410,"Korea, Republic of",4,Dry breakbulk carriers,1.1958,,17,,5204,,49192,,7397.0,,81279.0,,,,,
2020S02,S2   2020,2020,S,Semi-annual,410,"Korea, Republic of",5,Dry bulk carriers,2.0135,,14,,29409,,172521,,53020.0,,327017.0,,,,,
2020S02,S2   2020,2020,S,Semi-annual,410,"Korea, Republic of",6,Roll-on/ roll-off ships,,,17,,30681,,76420,,12335.0,,43878.0,,,,,
2020S02,S2   2020,2020,S,Semi-annual,410,"Korea, Republic of",7,Liquefied petroleum gas carriers,0.841,,17,,7601,,55000,,8388.0,,60000.0,,,,,
2020S02,S2   2020,2020,S,Semi-annual,410,"Korea, Republic of",8,Liquefied natural gas carriers,1.0344,,10,,98647,,168189,,77872.0,,155159.0,,,,,
2020S02,S2   2020,2020,S,Semi-annual,528,Netherlands,0,All ships,0.5701,,17,,12411,,236583,,12981.0,,321300.0,,2888.0,,23964.0,
2020S02,S2   2020,2020,S,Semi-annual,528,Netherlands,1,Passenger ships,,,15,,14140,,150695,,,,,,,,,
2020S02,S2   2020,2020,S,Semi-annual,528,Netherlands,2,Liquid bulk carriers,0.5042,,16,,8805,,167168,,16252.0,,321300.0,,,,,
2020S02,S2   2020,2020,S,Semi-annual,528,Netherlands,3,Container ships,0.8153,,14,,31601,,236583,,,,,,2888.0,,23964.0,
2020S02,S2   2020,2020,S,Semi-annual,528,Netherlands,4,Dry breakbulk carriers,0.4097,,19,,3838,,91784,,5180.0,,116173.0,,,,,
2020S02,S2   2020,2020,S,Semi-annual,528,Netherlands,5,Dry bulk carriers,1.0993,,11,,34707,,150918,,61103.0,,297541.0,,,,,
2020S02,S2   2020,2020,S,Semi-annual,528,Netherlands,6,Roll-on/ roll-off ships,,,22,,15331,,76420,,6062.0,,48988.0,,,,,
2020S02,S2   2020,2020,S,Semi-annual,528,Netherlands,7,Liquefied petroleum gas carriers,1.0347,,12,,6785,,48963,,7537.0,,58811.0,,,,,
2020S02,S2   2020,2020,S,Semi-annual,528,Netherlands,8,Liquefied natural gas carriers,1.0608,,6,,56833,,136685,,43778.0,,121730.0,,,,,
2020S02,S2   2020,2020,S,Semi-annual,579,Norway,0,All ships,0.4028,,14,,3881,,164364,,7071.0,,321300.0,,856.0,,1678.0,
2020S02,S2   2020,2020,S,Semi-annual,579,Norway,1,Passenger ships,,,13,,3716,,111554,,,,,,,,,
2020S02,S2   2020,2020,S,Semi-annual,579,Norway,2,Liquid bulk carriers,0.6083,,16,,12271,,164364,,19981.0,,321300.0,,,,,
2020S02,S2   2020,2020,S,Semi-annual,579,Norway,3,Container ships,0.3319,,15,,9097,,17189,,,,,,856.0,,1678.0,
2020S02,S2   2020,2020,S,Semi-annual,579,Norway,4,Dry breakbulk carriers,0.3167,,23,,2638,,37158,,3205.0,,88272.0,,,,,
2020S02,S2   2020,2020,S,Semi-annual,579,Norway,5,Dry bulk carriers,0.8017,,15,,17321,,109716,,29195.0,,211153.0,,,,,
2020S02,S2   2020,2020,S,Semi-annual,579,Norway,6,Roll-on/ roll-off ships,,,17,,10474,,72684,,6425.0,,19922.0,,,,,
2020S02,S2   2020,2020,S,Semi-annual,579,Norway,7,Liquefied petroleum gas carriers,0.7528,,11,,10355,,37366,,11535.0,,42543.0,,,,,
2020S02,S2   2020,2020,S,Semi-annual,579,Norway,8,Liquefied natural gas carriers,0.2892,,14,,11398,,121597,,8377.0,,89452.0,,,,,
2020S02,S2   2020,2020,S,Semi-annual,643,Russian Federation,0,All ships,1.2806,,27,,10302,,136716,,14759.0,,182060.0,,1504.0,,7100.0,
2020S02,S2   2020,2020,S,Semi-annual,643,Russian Federation,1,Passenger ships,,,37,,8084,,37583,,,,,,,,,
2020S02,S2   2020,2020,S,Semi-annual,643,Russian Federation,2,Liquid bulk carriers,0.9681,,24,,11081,,87146,,18459.0,,166300.0,,,,,
2020S02,S2   2020,2020,S,Semi-annual,643,Russian Federation,3,Container ships,1.2924,,18,,16492,,85676,,,,,,1504.0,,7100.0,
2020S02,S2   2020,2020,S,Semi-annual,643,Russian Federation,4,Dry breakbulk carriers,1.4264,,33,,3959,,40250,,5018.0,,62045.0,,,,,
2020S02,S2   2020,2020,S,Semi-annual,643,Russian Federation,5,Dry bulk carriers,2.3566,,15,,27087,,94742,,47430.0,,182060.0,,,,,
2020S02,S2   2020,2020,S,Semi-annual,643,Russian Federation,6,Roll-on/ roll-off ships,,,33,,12918,,72408,,6306.0,,27003.0,,,,,
2020S02,S2   2020,2020,S,Semi-annual,643,Russian Federation,7,Liquefied petroleum gas carriers,1.3125,,12,,8261,,46491,,9220.0,,50891.0,,,,,
2020S02,S2   2020,2020,S,Semi-annual,643,Russian Federation,8,Liquefied natural gas carriers,1.1437,,7,,96463,,136716,,71412.0,,97000.0,,,,,
2020S02,S2   2020,2020,S,Semi-annual,724,Spain,0,All ships,0.9021,,16,,15190,,236583,,14746.0,,205888.0,,3258.0,,23756.0,
2020S02,S2   2020,2020,S,Semi-annual,724,Spain,1,Passenger ships,,,18,,11069,,183900,,,,,,,,,
2020S02,S2   2020,2020,S,Semi-annual,724,Spain,2,Liquid bulk carriers,0.9118,,12,,10637,,94729,,17350.0,,164751.0,,,,,
2020S02,S2   2020,2020,S,Semi-annual,724,Spain,3,Container ships,0.6622,,14,,35676,,236583,,,,,,3258.0,,23756.0,
2020S02,S2   2020,2020,S,Semi-annual,724,Spain,4,Dry breakbulk carriers,1.184,,16,,5154,,66870,,7212.0,,71955.0,,,,,
2020S02,S2   2020,2020,S,Semi-annual,724,Spain,5,Dry bulk carriers,1.7528,,16,,22019,,106823,,37963.0,,205888.0,,,,,
2020S02,S2   2020,2020,S,Semi-annual,724,Spain,6,Roll-on/ roll-off ships,,,18,,26692,,76420,,10240.0,,48988.0,,,,,
2020S02,S2   2020,2020,S,Semi-annual,724,Spain,7,Liquefied petroleum gas carriers,1.0625,,12,,7313,,48963,,8376.0,,55173.0,,,,,
2020S02,S2   2020,2020,S,Semi-annual,724,Spain,8,Liquefied natural gas carriers,1.0604,,9,,103847,,168189,,82409.0,,154940.0,,,,,
2020S02,S2   2020,2020,S,Semi-annual,752,Sweden,0,All ships,0.7837,,22,,15809,,214286,,8522.0,,166467.0,,1482.0,,19630.0,
2020S02,S2   2020,2020,S,Semi-annual,752,Sweden,1,Passenger ships,,,24,,19515,,111554,,,,,,,,,
2020S02,S2   2020,2020,S,Semi-annual,752,Sweden,2,Liquid bulk carriers,0.658,,14,,8256,,90000,,12417.0,,166467.0,,,,,
2020S02,S2   2020,2020,S,Semi-annual,752,Sweden,3,Container ships,0.6056,,15,,16045,,214286,,,,,,1482.0,,19630.0,
2020S02,S2   2020,2020,S,Semi-annual,752,Sweden,4,Dry breakbulk carriers,1.0458,,21,,3783,,37499,,5317.0,,55596.0,,,,,
2020S02,S2   2020,2020,S,Semi-annual,752,Sweden,5,Dry bulk carriers,0.4743,,27,,7628,,45500,,11682.0,,85439.0,,,,,
2020S02,S2   2020,2020,S,Semi-annual,752,Sweden,6,Roll-on/ roll-off ships,,,21,,25754,,75283,,9890.0,,39516.0,,,,,
2020S02,S2   2020,2020,S,Semi-annual,752,Sweden,7,Liquefied petroleum gas carriers,0.8167,,15,,6608,,48827,,7136.0,,54656.0,,,,,
2020S02,S2   2020,2020,S,Semi-annual,752,Sweden,8,Liquefied natural gas carriers,0.8219,,6,,12575,,22887,,9610.0,,20918.0,,,,,
2020S02,S2   2020,2020,S,Semi-annual,792,Türkiye,0,All ships,1.1965,,25,,5801,,194308,,15611.0,,320105.0,,3002.0,,19462.0,
2020S02,S2   2020,2020,S,Semi-annual,792,Türkiye,1,Passenger ships,,,26,,1612,,37049,,,,,,,,,
2020S02,S2   2020,2020,S,Semi-annual,792,Türkiye,2,Liquid bulk carriers,1.2111,,14,,18374,,162018,,31466.0,,320105.0,,,,,
2020S02,S2   2020,2020,S,Semi-annual,792,Türkiye,3,Container ships,0.6215,,16,,33067,,194308,,,,,,3002.0,,19462.0,
2020S02,S2   2020,2020,S,Semi-annual,792,Türkiye,4,Dry breakbulk carriers,1.5431,,28,,4138,,43528,,5814.0,,62924.0,,,,,
2020S02,S2   2020,2020,S,Semi-annual,792,Türkiye,5,Dry bulk carriers,3.9743,,15,,25123,,108237,,43330.0,,207634.0,,,,,
2020S02,S2   2020,2020,S,Semi-annual,792,Türkiye,6,Roll-on/ roll-off ships,,,25,,20439,,76420,,7784.0,,45200.0,,,,,
2020S02,S2   2020,2020,S,Semi-annual,792,Türkiye,7,Liquefied petroleum gas carriers,1.4278,,15,,18536,,50676,,21243.0,,58551.0,,,,,
2020S02,S2   2020,2020,S,Semi-annual,792,Türkiye,8,Liquefied natural gas carriers,1.2729,,10,,111314,,149367,,88315.0,,121939.0,,,,,
2020S02,S2   2020,2020,S,Semi-annual,842,United States of America,0,All ships,1.4438,,25,,15199,,228741,,46430.0,,322829.0,,5508.0,,21237.0,
2020S02,S2   2020,2020,S,Semi-annual,842,United States of America,1,Passenger ships,,,29,,4852,,228081,,,,,,,,,
2020S02,S2   2020,2020,S,Semi-annual,842,United States of America,2,Liquid bulk carriers,1.5872,,10,,34100,,165680,,58713.0,,322829.0,,,,,
2020S02,S2   2020,2020,S,Semi-annual,842,United States of America,3,Container ships,1.0566,,14,,61698,,228741,,,,,,5508.0,,21237.0,
2020S02,S2   2020,2020,S,Semi-annual,842,United States of America,4,Dry breakbulk carriers,1.8792,,17,,13114,,66870,,18318.0,,77021.0,,,,,
2020S02,S2   2020,2020,S,Semi-annual,842,United States of America,5,Dry bulk carriers,1.8399,,21,,28585,,108000,,51005.0,,208745.0,,,,,
2020S02,S2   2020,2020,S,Semi-annual,842,United States of America,6,Roll-on/ roll-off ships,,,13,,59585,,100430,,22288.0,,55828.0,,,,,
2020S02,S2   2020,2020,S,Semi-annual,842,United States of America,7,Liquefied petroleum gas carriers,1.9694,,9,,31263,,59229,,35670.0,,60000.0,,,,,
2020S02,S2   2020,2020,S,Semi-annual,842,United States of America,8,Liquefied natural gas carriers,1.2757,,6,,101725,,149367,,80895.0,,100000.0,,,,,
2020S02,S2   2020,2020,S,Semi-annual,926,United Kingdom,0,All ships,1.1125,,17,,14194,,236583,,11945.0,,321300.0,,3564.0,,23964.0,
2020S02,S2   2020,2020,S,Semi-annual,926,United Kingdom,1,Passenger ships,,,17,,12485,,220000,,,,,,,,,
2020S02,S2   2020,2020,S,Semi-annual,926,United Kingdom,2,Liquid bulk carriers,1.034,,14,,12117,,167054,,20224.0,,321300.0,,,,,
2020S02,S2   2020,2020,S,Semi-annual,926,United Kingdom,3,Container ships,0.7535,,15,,38408,,236583,,,,,,3564.0,,23964.0,
2020S02,S2   2020,2020,S,Semi-annual,926,United Kingdom,4,Dry breakbulk carriers,1.5378,,18,,3297,,44657,,4587.0,,55683.0,,,,,
2020S02,S2   2020,2020,S,Semi-annual,926,United Kingdom,5,Dry bulk carriers,3.0299,,13,,26467,,95086,,45415.0,,182307.0,,,,,
2020S02,S2   2020,2020,S,Semi-annual,926,United Kingdom,6,Roll-on/ roll-off ships,,,14,,25454,,100430,,10134.0,,55828.0,,,,,
2020S02,S2   2020,2020,S,Semi-annual,926,United Kingdom,7,Liquefied petroleum gas carriers,1.0535,,11,,6594,,37366,,6995.0,,42543.0,,,,,
2020S02,S2   2020,2020,S,Semi-annual,926,United Kingdom,8,Liquefied natural gas carriers,1.2507,,8,,102426,,168189,,84493.0,,155159.0,,,,,
2021S01,S1   2021,2021,S,Semi-annual,0,World,0,All ships,1.041,,18,,14300,,237200,,25065.0,,404389.0,,3459.0,,23964.0,
2021S01,S1   2021,2021,S,Semi-annual,0,World,1,Passenger ships,,,20,,6952,,228081,,,,,,,,,
2021S01,S1   2021,2021,S,Semi-annual,0,World,2,Liquid bulk carriers,0.984,,15,,15692,,170618,,27220.0,,323183.0,,,,,
2021S01,S1   2021,2021,S,Semi-annual,0,World,3,Container ships,0.775,,14,,37538,,237200,,,,,,3459.0,,23964.0,
2021S01,S1   2021,2021,S,Semi-annual,0,World,4,Dry breakbulk carriers,1.1896,,21,,5515,,91784,,7513.0,,116173.0,,,,,
2021S01,S1   2021,2021,S,Semi-annual,0,World,5,Dry bulk carriers,2.1299,,14,,32337,,204014,,57908.0,,404389.0,,,,,
2021S01,S1   2021,2021,S,Semi-annual,0,World,6,Roll-on/ roll-off ships,,,17,,26375,,100430,,10529.0,,55828.0,,,,,
2021S01,S1   2021,2021,S,Semi-annual,0,World,7,Liquefied petroleum gas carriers,1.0306,,15,,10629,,61000,,11902.0,,64220.0,,,,,
2021S01,S1   2021,2021,S,Semi-annual,0,World,8,Liquefied natural gas carriers,1.1285,,12,,95187,,168189,,74216.0,,155159.0,,,,,
2021S01,S1   2021,2021,S,Semi-annual,36,Australia,0,All ships,1.5736,,21,,25644,,152457,,82613.0,,299688.0,,4728.0,,9572.0,
2021S01,S1   2021,2021,S,Semi-annual,36,Australia,1,Passenger ships,,,30,,2384,,29338,,,,,,,,,
2021S01,S1   2021,2021,S,Semi-annual,36,Australia,2,Liquid bulk carriers,1.2628,,8,,23733,,84796,,40195.0,,167295.0,,,,,
2021S01,S1   2021,2021,S,Semi-annual,36,Australia,3,Container ships,1.4583,,14,,52245,,109712,,,,,,4728.0,,9572.0,
2021S01,S1   2021,2021,S,Semi-annual,36,Australia,4,Dry breakbulk carriers,1.9486,,11,,18266,,91649,,27860.0,,103652.0,,,,,
2021S01,S1   2021,2021,S,Semi-annual,36,Australia,5,Dry bulk carriers,1.7198,,10,,59983,,152457,,112223.0,,299688.0,,,,,
2021S01,S1   2021,2021,S,Semi-annual,36,Australia,6,Roll-on/ roll-off ships,,,12,,43049,,76420,,15883.0,,43878.0,,,,,
2021S01,S1   2021,2021,S,Semi-annual,36,Australia,7,Liquefied petroleum gas carriers,0.9479,,11,,12411,,51035,,14088.0,,58591.0,,,,,
2021S01,S1   2021,2021,S,Semi-annual,36,Australia,8,Liquefied natural gas carriers,1.2465,,10,,111949,,149367,,85987.0,,104701.0,,,,,
2021S01,S1   2021,2021,S,Semi-annual,124,Canada,0,All ships,0.9726,,28,,10698,,176546,,35957.0,,233584.0,,5325.0,,16020.0,
2021S01,S1   2021,2021,S,Semi-annual,124,Canada,1,Passenger ships,,,30,,6135,,30285,,,,,,,,,
2021S01,S1   2021,2021,S,Semi-annual,124,Canada,2,Liquid bulk carriers,1.1007,,12,,26133,,85762,,44055.0,,167282.0,,,,,
2021S01,S1   2021,2021,S,Semi-annual,124,Canada,3,Container ships,1.8233,,15,,58770,,176546,,,,,,5325.0,,16020.0,
2021S01,S1   2021,2021,S,Semi-annual,124,Canada,4,Dry breakbulk carriers,0.8663,,13,,12587,,42515,,17803.0,,60594.0,,,,,
2021S01,S1   2021,2021,S,Semi-annual,124,Canada,5,Dry bulk carriers,0.5514,,22,,28525,,118305,,49487.0,,233584.0,,,,,
2021S01,S1   2021,2021,S,Semi-annual,124,Canada,6,Roll-on/ roll-off ships,,,20,,11053,,100430,,6052.0,,55828.0,,,,,
2021S01,S1   2021,2021,S,Semi-annual,124,Canada,7,Liquefied petroleum gas carriers,1.5292,,9,,47124,,47963,,53781.0,,55209.0,,,,,
2021S01,S1   2021,2021,S,Semi-annual,156,China,0,All ships,1.134,,14,,31021,,237200,,45026.0,,404389.0,,4372.0,,23964.0,
2021S01,S1   2021,2021,S,Semi-annual,156,China,1,Passenger ships,,,14,,14517,,85619,,,,,,,,,
2021S01,S1   2021,2021,S,Semi-annual,156,China,2,Liquid bulk carriers,1.1684,,12,,20121,,170618,,35087.0,,323183.0,,,,,
2021S01,S1   2021,2021,S,Semi-annual,156,China,3,Container ships,0.6806,,13,,46935,,237200,,,,,,4372.0,,23964.0,
2021S01,S1   2021,2021,S,Semi-annual,156,China,4,Dry breakbulk carriers,1.4358,,17,,10039,,91649,,14156.0,,103652.0,,,,,
2021S01,S1   2021,2021,S,Semi-annual,156,China,5,Dry bulk carriers,2.0292,,14,,40526,,204014,,73691.0,,404389.0,,,,,
2021S01,S1   2021,2021,S,Semi-annual,156,China,6,Roll-on/ roll-off ships,,,12,,33820,,76420,,11569.0,,43878.0,,,,,
2021S01,S1   2021,2021,S,Semi-annual,156,China,7,Liquefied petroleum gas carriers,1.0382,,14,,9479,,61000,,10328.0,,64220.0,,,,,
2021S01,S1   2021,2021,S,Semi-annual,156,China,8,Liquefied natural gas carriers,1.1854,,10,,93756,,168189,,74508.0,,155159.0,,,,,
2021S01,S1   2021,2021,S,Semi-annual,191,Croatia,0,All ships,1.1587,,16,,3398,,153744,,15354.0,,182421.0,,3480.0,,15226.0,
2021S01,S1   2021,2021,S,Semi-annual,191,Croatia,1,Passenger ships,,,16,,3004,,137936,,,,,,,,,
2021S01,S1   2021,2021,S,Semi-annual,191,Croatia,2,Liquid bulk carriers,0.8729,,15,,15296,,84315,,26122.0,,166300.0,,,,,
2021S01,S1   2021,2021,S,Semi-annual,191,Croatia,3,Container ships,0.575,,15,,36524,,153744,,,,,,3480.0,,15226.0,
2021S01,S1   2021,2021,S,Semi-annual,191,Croatia,4,Dry breakbulk carriers,2.6444,,23,,4882,,66870,,6495.0,,71955.0,,,,,
2021S01,S1   2021,2021,S,Semi-annual,191,Croatia,5,Dry bulk carriers,2.3125,,28,,10611,,93302,,17879.0,,182421.0,,,,,
2021S01,S1   2021,2021,S,Semi-annual,208,Denmark,0,All ships,0.7653,,20,,9368,,214286,,7261.0,,167282.0,,1870.0,,19630.0,
2021S01,S1   2021,2021,S,Semi-annual,208,Denmark,1,Passenger ships,,,20,,9704,,111554,,,,,,,,,
2021S01,S1   2021,2021,S,Semi-annual,208,Denmark,2,Liquid bulk carriers,0.7076,,17,,8517,,93154,,13523.0,,167282.0,,,,,
2021S01,S1   2021,2021,S,Semi-annual,208,Denmark,3,Container ships,0.4576,,16,,20860,,214286,,,,,,1870.0,,19630.0,
2021S01,S1   2021,2021,S,Semi-annual,208,Denmark,4,Dry breakbulk carriers,0.8785,,24,,3275,,49091,,4412.0,,63581.0,,,,,
2021S01,S1   2021,2021,S,Semi-annual,208,Denmark,5,Dry bulk carriers,0.8618,,11,,8498,,66786,,13820.0,,120566.0,,,,,
2021S01,S1   2021,2021,S,Semi-annual,208,Denmark,6,Roll-on/ roll-off ships,,,20,,22155,,60500,,10604.0,,24485.0,,,,,
2021S01,S1   2021,2021,S,Semi-annual,208,Denmark,7,Liquefied petroleum gas carriers,1.0368,,10,,3604,,4748,,3996.0,,5200.0,,,,,
2021S01,S1   2021,2021,S,Semi-annual,251,France,0,All ships,1.1799,,17,,21440,,237200,,16035.0,,308376.0,,5051.0,,23964.0,
2021S01,S1   2021,2021,S,Semi-annual,251,France,1,Passenger ships,,,18,,22359,,169116,,,,,,,,,
2021S01,S1   2021,2021,S,Semi-annual,251,France,2,Liquid bulk carriers,1.0399,,13,,10986,,162761,,18165.0,,308376.0,,,,,
2021S01,S1   2021,2021,S,Semi-annual,251,France,3,Container ships,0.9333,,14,,55795,,237200,,,,,,5051.0,,23964.0,
2021S01,S1   2021,2021,S,Semi-annual,251,France,4,Dry breakbulk carriers,1.6437,,18,,4819,,39009,,6667.0,,62841.0,,,,,
2021S01,S1   2021,2021,S,Semi-annual,251,France,5,Dry bulk carriers,2.8882,,15,,23684,,107450,,41698.0,,208822.0,,,,,
2021S01,S1   2021,2021,S,Semi-annual,251,France,6,Roll-on/ roll-off ships,,,17,,29980,,76420,,12487.0,,48988.0,,,,,
2021S01,S1   2021,2021,S,Semi-annual,251,France,7,Liquefied petroleum gas carriers,1.0774,,12,,9606,,48963,,10764.0,,55047.0,,,,,
2021S01,S1   2021,2021,S,Semi-annual,251,France,8,Liquefied natural gas carriers,1.1083,,10,,99417,,141671,,75682.0,,106896.0,,,,,
2021S01,S1   2021,2021,S,Semi-annual,276,Germany,0,All ships,0.8444,,19,,14056,,237200,,9136.0,,297958.0,,4465.0,,23964.0,
2021S01,S1   2021,2021,S,Semi-annual,276,Germany,1,Passenger ships,,,20,,11920,,153516,,,,,,,,,
2021S01,S1   2021,2021,S,Semi-annual,276,Germany,2,Liquid bulk carriers,0.5632,,18,,4810,,156915,,7809.0,,297958.0,,,,,
2021S01,S1   2021,2021,S,Semi-annual,276,Germany,3,Container ships,1.0833,,14,,49446,,237200,,,,,,4465.0,,23964.0,
2021S01,S1   2021,2021,S,Semi-annual,276,Germany,4,Dry breakbulk carriers,0.8663,,21,,3682,,40250,,4918.0,,62041.0,,,,,
2021S01,S1   2021,2021,S,Semi-annual,276,Germany,5,Dry bulk carriers,2.7833,,12,,30413,,107761,,52864.0,,209756.0,,,,,
2021S01,S1   2021,2021,S,Semi-annual,276,Germany,6,Roll-on/ roll-off ships,,,17,,30884,,100430,,12271.0,,55828.0,,,,,
2021S01,S1   2021,2021,S,Semi-annual,276,Germany,7,Liquefied petroleum gas carriers,0.8677,,15,,4932,,35158,,5394.0,,44617.0,,,,,
2021S01,S1   2021,2021,S,Semi-annual,300,Greece,0,All ships,0.8576,,23,,8509,,226963,,7885.0,,166164.0,,4241.0,,21413.0,
2021S01,S1   2021,2021,S,Semi-annual,300,Greece,1,Passenger ships,,,22,,7528,,226963,,,,,,,,,
2021S01,S1   2021,2021,S,Semi-annual,300,Greece,2,Liquid bulk carriers,0.6194,,22,,6060,,85522,,9748.0,,166164.0,,,,,
2021S01,S1   2021,2021,S,Semi-annual,300,Greece,3,Container ships,1.0184,,16,,45223,,219688,,,,,,4241.0,,21413.0,
2021S01,S1   2021,2021,S,Semi-annual,300,Greece,4,Dry breakbulk carriers,1.1469,,33,,2705,,35240,,3796.0,,55802.0,,,,,
2021S01,S1   2021,2021,S,Semi-annual,300,Greece,5,Dry bulk carriers,0.6378,,26,,6621,,44980,,11097.0,,83051.0,,,,,
2021S01,S1   2021,2021,S,Semi-annual,300,Greece,6,Roll-on/ roll-off ships,,,33,,17060,,76420,,7053.0,,48988.0,,,,,
2021S01,S1   2021,2021,S,Semi-annual,300,Greece,7,Liquefied petroleum gas carriers,1.0,,23,,5807,,47774,,6835.0,,54304.0,,,,,
2021S01,S1   2021,2021,S,Semi-annual,300,Greece,8,Liquefied natural gas carriers,1.1715,,11,,86368,,136980,,68294.0,,122052.0,,,,,
2021S01,S1   2021,2021,S,Semi-annual,360,Indonesia,0,All ships,1.2931,,21,,7910,,160467,,17321.0,,306951.0,,1294.0,,6921.0,
2021S01,S1   2021,2021,S,Semi-annual,360,Indonesia,1,Passenger ships,,,22,,5116,,20563,,,,,,,,,
2021S01,S1   2021,2021,S,Semi-annual,360,Indonesia,2,Liquid bulk carriers,1.3056,,16,,8906,,160467,,14027.0,,306951.0,,,,,
2021S01,S1   2021,2021,S,Semi-annual,360,Indonesia,3,Container ships,1.0451,,15,,14248,,75579,,,,,,1294.0,,6921.0,
2021S01,S1   2021,2021,S,Semi-annual,360,Indonesia,4,Dry breakbulk carriers,1.2118,,21,,5161,,54732,,6985.0,,72562.0,,,,,
2021S01,S1   2021,2021,S,Semi-annual,360,Indonesia,5,Dry bulk carriers,3.0396,,17,,26216,,107741,,46114.0,,209801.0,,,,,
2021S01,S1   2021,2021,S,Semi-annual,360,Indonesia,6,Roll-on/ roll-off ships,,,32,,9465,,72635,,4347.0,,27200.0,,,,,
2021S01,S1   2021,2021,S,Semi-annual,360,Indonesia,7,Liquefied petroleum gas carriers,1.0719,,19,,9547,,49292,,10418.0,,58899.0,,,,,
2021S01,S1   2021,2021,S,Semi-annual,360,Indonesia,8,Liquefied natural gas carriers,1.4285,,20,,84879,,113502,,67194.0,,97730.0,,,,,
2021S01,S1   2021,2021,S,Semi-annual,380,Italy,0,All ships,1.3326,,28,,9499,,232618,,18303.0,,211182.0,,3729.0,,23756.0,
2021S01,S1   2021,2021,S,Semi-annual,380,Italy,1,Passenger ships,,,31,,6471,,183900,,,,,,,,,
2021S01,S1   2021,2021,S,Semi-annual,380,Italy,2,Liquid bulk carriers,1.3257,,17,,16876,,87146,,28524.0,,164787.0,,,,,
2021S01,S1   2021,2021,S,Semi-annual,380,Italy,3,Container ships,0.9319,,17,,40644,,232618,,,,,,3729.0,,23756.0,
2021S01,S1   2021,2021,S,Semi-annual,380,Italy,4,Dry breakbulk carriers,1.9222,,20,,6023,,40277,,8303.0,,62823.0,,,,,
2021S01,S1   2021,2021,S,Semi-annual,380,Italy,5,Dry bulk carriers,3.325,,16,,21478,,109716,,36488.0,,211182.0,,,,,
2021S01,S1   2021,2021,S,Semi-annual,380,Italy,6,Roll-on/ roll-off ships,,,13,,33278,,76420,,12855.0,,45200.0,,,,,
2021S01,S1   2021,2021,S,Semi-annual,380,Italy,7,Liquefied petroleum gas carriers,1.549,,14,,8298,,25248,,9498.0,,28532.0,,,,,
2021S01,S1   2021,2021,S,Semi-annual,392,Japan,0,All ships,0.4146,,14,,10716,,228741,,14802.0,,327017.0,,1571.0,,21237.0,
2021S01,S1   2021,2021,S,Semi-annual,392,Japan,1,Passenger ships,,,16,,4806,,50444,,,,,,,,,
2021S01,S1   2021,2021,S,Semi-annual,392,Japan,2,Liquid bulk carriers,0.3111,,12,,7646,,165571,,12865.0,,322861.0,,,,,
2021S01,S1   2021,2021,S,Semi-annual,392,Japan,3,Container ships,0.3562,,13,,16418,,228741,,,,,,1571.0,,21237.0,
2021S01,S1   2021,2021,S,Semi-annual,392,Japan,4,Dry breakbulk carriers,1.1951,,15,,6764,,50000,,8990.0,,80344.0,,,,,
2021S01,S1   2021,2021,S,Semi-annual,392,Japan,5,Dry bulk carriers,0.9035,,14,,17113,,161294,,29676.0,,327017.0,,,,,
2021S01,S1   2021,2021,S,Semi-annual,392,Japan,6,Roll-on/ roll-off ships,,,12,,17518,,76420,,7586.0,,43878.0,,,,,
2021S01,S1   2021,2021,S,Semi-annual,392,Japan,7,Liquefied petroleum gas carriers,0.3153,,14,,6931,,51035,,7523.0,,58811.0,,,,,
2021S01,S1   2021,2021,S,Semi-annual,392,Japan,8,Liquefied natural gas carriers,1.0222,,13,,73306,,149367,,53101.0,,122079.0,,,,,
2021S01,S1   2021,2021,S,Semi-annual,410,"Korea, Republic of",0,All ships,0.9,,15,,20044,,237200,,21638.0,,326932.0,,3027.0,,23964.0,
2021S01,S1   2021,2021,S,Semi-annual,410,"Korea, Republic of",1,Passenger ships,,,14,,16282,,35187,,,,,,,,,
2021S01,S1   2021,2021,S,Semi-annual,410,"Korea, Republic of",2,Liquid bulk carriers,0.7667,,13,,13690,,170618,,23588.0,,322861.0,,,,,
2021S01,S1   2021,2021,S,Semi-annual,410,"Korea, Republic of",3,Container ships,0.6951,,14,,32390,,237200,,,,,,3027.0,,23964.0,
2021S01,S1   2021,2021,S,Semi-annual,410,"Korea, Republic of",4,Dry breakbulk carriers,1.2167,,19,,5324,,91784,,7506.0,,116173.0,,,,,
2021S01,S1   2021,2021,S,Semi-annual,410,"Korea, Republic of",5,Dry bulk carriers,2.0924,,14,,28651,,172521,,51554.0,,326932.0,,,,,
2021S01,S1   2021,2021,S,Semi-annual,410,"Korea, Republic of",6,Roll-on/ roll-off ships,,,20,,27314,,76420,,11155.0,,43878.0,,,,,
2021S01,S1   2021,2021,S,Semi-annual,410,"Korea, Republic of",7,Liquefied petroleum gas carriers,0.8424,,16,,7727,,60000,,8525.0,,60000.0,,,,,
2021S01,S1   2021,2021,S,Semi-annual,410,"Korea, Republic of",8,Liquefied natural gas carriers,1.0389,,13,,104880,,168189,,82835.0,,154940.0,,,,,
2021S01,S1   2021,2021,S,Semi-annual,528,Netherlands,0,All ships,0.6104,,17,,12855,,237200,,13943.0,,324272.0,,2812.0,,23964.0,
2021S01,S1   2021,2021,S,Semi-annual,528,Netherlands,1,Passenger ships,,,15,,15322,,164998,,,,,,,,,
2021S01,S1   2021,2021,S,Semi-annual,528,Netherlands,2,Liquid bulk carriers,0.5326,,17,,9113,,164364,,16885.0,,320106.0,,,,,
2021S01,S1   2021,2021,S,Semi-annual,528,Netherlands,3,Container ships,0.8806,,15,,30474,,237200,,,,,,2812.0,,23964.0,
2021S01,S1   2021,2021,S,Semi-annual,528,Netherlands,4,Dry breakbulk carriers,0.4812,,20,,4019,,49091,,5374.0,,63581.0,,,,,
2021S01,S1   2021,2021,S,Semi-annual,528,Netherlands,5,Dry bulk carriers,1.0354,,11,,35794,,173504,,63563.0,,324272.0,,,,,
2021S01,S1   2021,2021,S,Semi-annual,528,Netherlands,6,Roll-on/ roll-off ships,,,22,,16239,,76420,,6381.0,,48988.0,,,,,
2021S01,S1   2021,2021,S,Semi-annual,528,Netherlands,7,Liquefied petroleum gas carriers,0.9132,,15,,6625,,48022,,7230.0,,58691.0,,,,,
2021S01,S1   2021,2021,S,Semi-annual,528,Netherlands,8,Liquefied natural gas carriers,1.0118,,6,,56092,,128975,,43840.0,,99000.0,,,,,
2021S01,S1   2021,2021,S,Semi-annual,579,Norway,0,All ships,0.4111,,14,,3829,,167054,,7433.0,,323183.0,,840.0,,2668.0,
2021S01,S1   2021,2021,S,Semi-annual,579,Norway,1,Passenger ships,,,13,,3643,,75156,,,,,,,,,
2021S01,S1   2021,2021,S,Semi-annual,579,Norway,2,Liquid bulk carriers,0.6125,,15,,12908,,167054,,21000.0,,323183.0,,,,,
2021S01,S1   2021,2021,S,Semi-annual,579,Norway,3,Container ships,0.3493,,16,,8941,,37071,,,,,,840.0,,2668.0,
2021S01,S1   2021,2021,S,Semi-annual,579,Norway,4,Dry breakbulk carriers,0.3125,,24,,2772,,49091,,3280.0,,63581.0,,,,,
2021S01,S1   2021,2021,S,Semi-annual,579,Norway,5,Dry bulk carriers,0.8847,,16,,18954,,109716,,31717.0,,211182.0,,,,,
2021S01,S1   2021,2021,S,Semi-annual,579,Norway,6,Roll-on/ roll-off ships,,,18,,11326,,70853,,7074.0,,27343.0,,,,,
2021S01,S1   2021,2021,S,Semi-annual,579,Norway,7,Liquefied petroleum gas carriers,0.8101,,10,,10660,,37366,,11814.0,,42543.0,,,,,
2021S01,S1   2021,2021,S,Semi-annual,579,Norway,8,Liquefied natural gas carriers,0.2931,,15,,6275,,128806,,5048.0,,96844.0,,,,,
2021S01,S1   2021,2021,S,Semi-annual,643,Russian Federation,0,All ships,1.509,,26,,12216,,136716,,17935.0,,182588.0,,1531.0,,7455.0,
2021S01,S1   2021,2021,S,Semi-annual,643,Russian Federation,1,Passenger ships,,,37,,7219,,12288,,,,,,,,,
2021S01,S1   2021,2021,S,Semi-annual,643,Russian Federation,2,Liquid bulk carriers,1.1493,,24,,13682,,87146,,23154.0,,166300.0,,,,,
2021S01,S1   2021,2021,S,Semi-annual,643,Russian Federation,3,Container ships,1.4118,,16,,16877,,85676,,,,,,1531.0,,7455.0,
2021S01,S1   2021,2021,S,Semi-annual,643,Russian Federation,4,Dry breakbulk carriers,1.8573,,32,,4216,,40328,,5494.0,,62041.0,,,,,
2021S01,S1   2021,2021,S,Semi-annual,643,Russian Federation,5,Dry bulk carriers,2.5472,,15,,27530,,94710,,48073.0,,182588.0,,,,,
2021S01,S1   2021,2021,S,Semi-annual,643,Russian Federation,6,Roll-on/ roll-off ships,,,32,,13317,,43810,,6469.0,,22910.0,,,,,
2021S01,S1   2021,2021,S,Semi-annual,643,Russian Federation,7,Liquefied petroleum gas carriers,1.6014,,14,,8763,,18425,,10259.0,,22911.0,,,,,
2021S01,S1   2021,2021,S,Semi-annual,643,Russian Federation,8,Liquefied natural gas carriers,1.1187,,9,,98650,,136716,,72195.0,,97000.0,,,,,
2021S01,S1   2021,2021,S,Semi-annual,724,Spain,0,All ships,0.9021,,17,,15586,,237200,,14952.0,,211182.0,,3004.0,,23756.0,
2021S01,S1   2021,2021,S,Semi-annual,724,Spain,1,Passenger ships,,,19,,12497,,228081,,,,,,,,,
2021S01,S1   2021,2021,S,Semi-annual,724,Spain,2,Liquid bulk carriers,0.9174,,13,,10523,,88704,,17148.0,,164733.0,,,,,
2021S01,S1   2021,2021,S,Semi-annual,724,Spain,3,Container ships,0.6451,,15,,32598,,237200,,,,,,3004.0,,23756.0,
2021S01,S1   2021,2021,S,Semi-annual,724,Spain,4,Dry breakbulk carriers,1.1653,,17,,5063,,66870,,7093.0,,71955.0,,,,,
2021S01,S1   2021,2021,S,Semi-annual,724,Spain,5,Dry bulk carriers,1.7694,,16,,22935,,109716,,39717.0,,211182.0,,,,,
2021S01,S1   2021,2021,S,Semi-annual,724,Spain,6,Roll-on/ roll-off ships,,,20,,30279,,76420,,11772.0,,48988.0,,,,,
2021S01,S1   2021,2021,S,Semi-annual,724,Spain,7,Liquefied petroleum gas carriers,1.0361,,12,,6888,,48022,,7804.0,,58691.0,,,,,
2021S01,S1   2021,2021,S,Semi-annual,724,Spain,8,Liquefied natural gas carriers,1.0184,,12,,95587,,136980,,74060.0,,121957.0,,,,,
2021S01,S1   2021,2021,S,Semi-annual,752,Sweden,0,All ships,0.7736,,23,,15910,,214286,,8538.0,,318227.0,,1581.0,,19630.0,
2021S01,S1   2021,2021,S,Semi-annual,752,Sweden,1,Passenger ships,,,26,,20074,,111554,,,,,,,,,
2021S01,S1   2021,2021,S,Semi-annual,752,Sweden,2,Liquid bulk carriers,0.6528,,15,,8340,,158536,,12565.0,,318227.0,,,,,
2021S01,S1   2021,2021,S,Semi-annual,752,Sweden,3,Container ships,0.6149,,16,,17076,,214286,,,,,,1581.0,,19630.0,
2021S01,S1   2021,2021,S,Semi-annual,752,Sweden,4,Dry breakbulk carriers,1.0222,,21,,3811,,37499,,5375.0,,55807.0,,,,,
2021S01,S1   2021,2021,S,Semi-annual,752,Sweden,5,Dry bulk carriers,0.4437,,27,,6156,,44109,,9025.0,,81914.0,,,,,
2021S01,S1   2021,2021,S,Semi-annual,752,Sweden,6,Roll-on/ roll-off ships,,,21,,27086,,76420,,10259.0,,31143.0,,,,,
2021S01,S1   2021,2021,S,Semi-annual,752,Sweden,7,Liquefied petroleum gas carriers,0.8076,,15,,7176,,48542,,7933.0,,54783.0,,,,,
2021S01,S1   2021,2021,S,Semi-annual,792,Türkiye,0,All ships,1.1958,,24,,6440,,194308,,16308.0,,299498.0,,3023.0,,19462.0,
2021S01,S1   2021,2021,S,Semi-annual,792,Türkiye,1,Passenger ships,,,25,,1636,,153516,,,,,,,,,
2021S01,S1   2021,2021,S,Semi-annual,792,Türkiye,2,Liquid bulk carriers,1.192,,14,,18349,,157814,,31413.0,,299498.0,,,,,
2021S01,S1   2021,2021,S,Semi-annual,792,Türkiye,3,Container ships,0.6236,,17,,33255,,194308,,,,,,3023.0,,19462.0,
2021S01,S1   2021,2021,S,Semi-annual,792,Türkiye,4,Dry breakbulk carriers,1.4931,,29,,4150,,43528,,5801.0,,62053.0,,,,,
2021S01,S1   2021,2021,S,Semi-annual,792,Türkiye,5,Dry bulk carriers,3.7319,,16,,24840,,106884,,42752.0,,206125.0,,,,,
2021S01,S1   2021,2021,S,Semi-annual,792,Türkiye,6,Roll-on/ roll-off ships,,,24,,27593,,76420,,10564.0,,45200.0,,,,,
2021S01,S1   2021,2021,S,Semi-annual,792,Türkiye,7,Liquefied petroleum gas carriers,1.234,,19,,16473,,48714,,19036.0,,54747.0,,,,,
2021S01,S1   2021,2021,S,Semi-annual,792,Türkiye,8,Liquefied natural gas carriers,1.2569,,10,,108899,,126004,,86460.0,,99025.0,,,,,
2021S01,S1   2021,2021,S,Semi-annual,842,United States of America,0,All ships,1.5639,,26,,15219,,228741,,47527.0,,322829.0,,5503.0,,21237.0,
2021S01,S1   2021,2021,S,Semi-annual,842,United States of America,1,Passenger ships,,,30,,5096,,228081,,,,,,,,,
2021S01,S1   2021,2021,S,Semi-annual,842,United States of America,2,Liquid bulk carriers,1.5684,,11,,34405,,170611,,59428.0,,322829.0,,,,,
2021S01,S1   2021,2021,S,Semi-annual,842,United States of America,3,Container ships,1.2069,,15,,61561,,228741,,,,,,5503.0,,21237.0,
2021S01,S1   2021,2021,S,Semi-annual,842,United States of America,4,Dry breakbulk carriers,2.0076,,17,,12587,,91784,,17527.0,,116173.0,,,,,
2021S01,S1   2021,2021,S,Semi-annual,842,United States of America,5,Dry bulk carriers,2.3632,,17,,30489,,108237,,54317.0,,207964.0,,,,,
2021S01,S1   2021,2021,S,Semi-annual,842,United States of America,6,Roll-on/ roll-off ships,,,14,,58991,,100430,,21532.0,,55828.0,,,,,
2021S01,S1   2021,2021,S,Semi-annual,842,United States of America,7,Liquefied petroleum gas carriers,1.8507,,9,,30401,,61000,,34551.0,,63766.0,,,,,
2021S01,S1   2021,2021,S,Semi-annual,842,United States of America,8,Liquefied natural gas carriers,1.2844,,6,,104753,,149367,,83610.0,,121823.0,,,,,
2021S01,S1   2021,2021,S,Semi-annual,926,United Kingdom,0,All ships,1.1625,,18,,14350,,236583,,11973.0,,321300.0,,3162.0,,23964.0,
2021S01,S1   2021,2021,S,Semi-annual,926,United Kingdom,1,Passenger ships,,,19,,12953,,169116,,,,,,,,,
2021S01,S1   2021,2021,S,Semi-annual,926,United Kingdom,2,Liquid bulk carriers,1.0514,,15,,11989,,164364,,20001.0,,321300.0,,,,,
2021S01,S1   2021,2021,S,Semi-annual,926,United Kingdom,3,Container ships,0.8035,,16,,34429,,236583,,,,,,3162.0,,23964.0,
2021S01,S1   2021,2021,S,Semi-annual,926,United Kingdom,4,Dry breakbulk carriers,1.525,,20,,3378,,40250,,4698.0,,62045.0,,,,,
2021S01,S1   2021,2021,S,Semi-annual,926,United Kingdom,5,Dry bulk carriers,2.9014,,14,,25803,,94942,,44135.0,,182983.0,,,,,
2021S01,S1   2021,2021,S,Semi-annual,926,United Kingdom,6,Roll-on/ roll-off ships,,,14,,25200,,100430,,9849.0,,55828.0,,,,,
2021S01,S1   2021,2021,S,Semi-annual,926,United Kingdom,7,Liquefied petroleum gas carriers,1.0556,,12,,6508,,47072,,6973.0,,54517.0,,,,,
2021S01,S1   2021,2021,S,Semi-annual,926,United Kingdom,8,Liquefied natural gas carriers,1.2271,,7,,112943,,168189,,90889.0,,155159.0,,,,,
2021S02,S2   2021,2021,S,Semi-annual,0,World,0,All ships,1.0507,,18,,13802,,236583,,25085.0,,404389.0,,3403.0,,23992.0,
2021S02,S2   2021,2021,S,Semi-annual,0,World,1,Passenger ships,,,20,,7634,,228199,,,,,,,,,
2021S02,S2   2021,2021,S,Semi-annual,0,World,2,Liquid bulk carriers,0.9771,,14,,15783,,170618,,27327.0,,323183.0,,,,,
2021S02,S2   2021,2021,S,Semi-annual,0,World,3,Container ships,0.8306,,14,,36894,,236583,,,,,,3403.0,,23992.0,
2021S02,S2   2021,2021,S,Semi-annual,0,World,4,Dry breakbulk carriers,1.1583,,21,,5413,,91649,,7344.0,,103652.0,,,,,
2021S02,S2   2021,2021,S,Semi-annual,0,World,5,Dry bulk carriers,2.0826,,14,,32001,,204014,,57292.0,,404389.0,,,,,
2021S02,S2   2021,2021,S,Semi-annual,0,World,6,Roll-on/ roll-off ships,,,17,,25871,,100430,,10300.0,,55828.0,,,,,
2021S02,S2   2021,2021,S,Semi-annual,0,World,7,Liquefied petroleum gas carriers,1.0229,,15,,10456,,60784,,11699.0,,64220.0,,,,,
2021S02,S2   2021,2021,S,Semi-annual,0,World,8,Liquefied natural gas carriers,1.1313,,11,,95521,,168189,,74821.0,,155159.0,,,,,
2021S02,S2   2021,2021,S,Semi-annual,36,Australia,0,All ships,1.5646,,19,,29921,,152305,,82270.0,,297633.0,,4550.0,,9572.0,
2021S02,S2   2021,2021,S,Semi-annual,36,Australia,1,Passenger ships,,,30,,2427,,29338,,,,,,,,,
2021S02,S2   2021,2021,S,Semi-annual,36,Australia,2,Liquid bulk carriers,1.3135,,8,,23317,,84127,,39329.0,,158734.0,,,,,
2021S02,S2   2021,2021,S,Semi-annual,36,Australia,3,Container ships,1.6972,,14,,50792,,109712,,,,,,4550.0,,9572.0,
2021S02,S2   2021,2021,S,Semi-annual,36,Australia,4,Dry breakbulk carriers,1.9854,,11,,17200,,91649,,26692.0,,103652.0,,,,,
2021S02,S2   2021,2021,S,Semi-annual,36,Australia,5,Dry bulk carriers,1.6417,,10,,59397,,152305,,111098.0,,297633.0,,,,,
2021S02,S2   2021,2021,S,Semi-annual,36,Australia,6,Roll-on/ roll-off ships,,,10,,43589,,76420,,15922.0,,48988.0,,,,,
2021S02,S2   2021,2021,S,Semi-annual,36,Australia,7,Liquefied petroleum gas carriers,0.8778,,10,,14534,,51035,,16510.0,,58757.0,,,,,
2021S02,S2   2021,2021,S,Semi-annual,36,Australia,8,Liquefied natural gas carriers,1.2674,,9,,112308,,149367,,85869.0,,97975.0,,,,,
2021S02,S2   2021,2021,S,Semi-annual,124,Canada,0,All ships,0.5889,,26,,10917,,176546,,34052.0,,296681.0,,4837.0,,16000.0,
2021S02,S2   2021,2021,S,Semi-annual,124,Canada,1,Passenger ships,,,28,,6403,,30285,,,,,,,,,
2021S02,S2   2021,2021,S,Semi-annual,124,Canada,2,Liquid bulk carriers,1.0264,,12,,22905,,157316,,38100.0,,296681.0,,,,,
2021S02,S2   2021,2021,S,Semi-annual,124,Canada,3,Container ships,1.7677,,15,,53415,,176546,,,,,,4837.0,,16000.0,
2021S02,S2   2021,2021,S,Semi-annual,124,Canada,4,Dry breakbulk carriers,0.6667,,13,,11630,,46647,,16419.0,,72562.0,,,,,
2021S02,S2   2021,2021,S,Semi-annual,124,Canada,5,Dry bulk carriers,0.1885,,23,,26554,,109824,,45361.0,,210733.0,,,,,
2021S02,S2   2021,2021,S,Semi-annual,124,Canada,6,Roll-on/ roll-off ships,,,24,,10055,,100430,,5548.0,,55828.0,,,,,
2021S02,S2   2021,2021,S,Semi-annual,124,Canada,7,Liquefied petroleum gas carriers,1.4889,,7,,45847,,48963,,52363.0,,55209.0,,,,,
2021S02,S2   2021,2021,S,Semi-annual,156,China,0,All ships,1.1681,,13,,31131,,236583,,45467.0,,404389.0,,4431.0,,23992.0,
2021S02,S2   2021,2021,S,Semi-annual,156,China,1,Passenger ships,,,14,,14324,,77499,,,,,,,,,
2021S02,S2   2021,2021,S,Semi-annual,156,China,2,Liquid bulk carriers,1.1257,,12,,18945,,170618,,32897.0,,323183.0,,,,,
2021S02,S2   2021,2021,S,Semi-annual,156,China,3,Container ships,0.7799,,13,,47583,,236583,,,,,,4431.0,,23992.0,
2021S02,S2   2021,2021,S,Semi-annual,156,China,4,Dry breakbulk carriers,1.5639,,17,,10304,,91649,,14471.0,,103652.0,,,,,
2021S02,S2   2021,2021,S,Semi-annual,156,China,5,Dry bulk carriers,2.066,,14,,41215,,203997,,75108.0,,404389.0,,,,,
2021S02,S2   2021,2021,S,Semi-annual,156,China,6,Roll-on/ roll-off ships,,,12,,31129,,76420,,10989.0,,43878.0,,,,,
2021S02,S2   2021,2021,S,Semi-annual,156,China,7,Liquefied petroleum gas carriers,1.0472,,14,,9344,,60784,,10166.0,,64220.0,,,,,
2021S02,S2   2021,2021,S,Semi-annual,156,China,8,Liquefied natural gas carriers,1.1965,,9,,98267,,168189,,78373.0,,155159.0,,,,,
2021S02,S2   2021,2021,S,Semi-annual,191,Croatia,0,All ships,1.1986,,17,,3690,,163922,,16629.0,,159855.0,,3804.0,,15226.0,
2021S02,S2   2021,2021,S,Semi-annual,191,Croatia,1,Passenger ships,,,16,,3370,,155873,,,,,,,,,
2021S02,S2   2021,2021,S,Semi-annual,191,Croatia,2,Liquid bulk carriers,0.9427,,15,,14541,,83669,,24819.0,,159855.0,,,,,
2021S02,S2   2021,2021,S,Semi-annual,191,Croatia,3,Container ships,0.6361,,14,,40462,,153744,,,,,,3804.0,,15226.0,
2021S02,S2   2021,2021,S,Semi-annual,191,Croatia,4,Dry breakbulk carriers,2.2302,,23,,4442,,31021,,6101.0,,88272.0,,,,,
2021S02,S2   2021,2021,S,Semi-annual,191,Croatia,5,Dry bulk carriers,2.5451,,29,,12156,,70933,,20642.0,,120499.0,,,,,
2021S02,S2   2021,2021,S,Semi-annual,191,Croatia,8,Liquefied natural gas carriers,1.5611,,8,,118462,,163922,,95783.0,,130441.0,,,,,
2021S02,S2   2021,2021,S,Semi-annual,208,Denmark,0,All ships,0.7354,,20,,9740,,214286,,7290.0,,159812.0,,1995.0,,19630.0,
2021S02,S2   2021,2021,S,Semi-annual,208,Denmark,1,Passenger ships,,,20,,10082,,125572,,,,,,,,,
2021S02,S2   2021,2021,S,Semi-annual,208,Denmark,2,Liquid bulk carriers,0.684,,17,,7988,,93759,,12669.0,,159812.0,,,,,
2021S02,S2   2021,2021,S,Semi-annual,208,Denmark,3,Container ships,0.5358,,14,,22247,,214286,,,,,,1995.0,,19630.0,
2021S02,S2   2021,2021,S,Semi-annual,208,Denmark,4,Dry breakbulk carriers,0.8142,,24,,3090,,34146,,4205.0,,33171.0,,,,,
2021S02,S2   2021,2021,S,Semi-annual,208,Denmark,5,Dry bulk carriers,0.7601,,11,,7902,,49489,,12824.0,,85229.0,,,,,
2021S02,S2   2021,2021,S,Semi-annual,208,Denmark,6,Roll-on/ roll-off ships,,,20,,22332,,65148,,10890.0,,34960.0,,,,,
2021S02,S2   2021,2021,S,Semi-annual,208,Denmark,7,Liquefied petroleum gas carriers,1.1243,,14,,3908,,5452,,4386.0,,5955.0,,,,,
2021S02,S2   2021,2021,S,Semi-annual,251,France,0,All ships,1.1521,,17,,21484,,236583,,16198.0,,319702.0,,5160.0,,23964.0,
2021S02,S2   2021,2021,S,Semi-annual,251,France,1,Passenger ships,,,18,,22623,,228199,,,,,,,,,
2021S02,S2   2021,2021,S,Semi-annual,251,France,2,Liquid bulk carriers,1.0111,,13,,11102,,167168,,18510.0,,319702.0,,,,,
2021S02,S2   2021,2021,S,Semi-annual,251,France,3,Container ships,0.9913,,13,,56260,,236583,,,,,,5160.0,,23964.0,
2021S02,S2   2021,2021,S,Semi-annual,251,France,4,Dry breakbulk carriers,1.5056,,17,,4477,,44684,,6198.0,,72562.0,,,,,
2021S02,S2   2021,2021,S,Semi-annual,251,France,5,Dry bulk carriers,3.0708,,13,,26892,,94674,,47870.0,,183123.0,,,,,
2021S02,S2   2021,2021,S,Semi-annual,251,France,6,Roll-on/ roll-off ships,,,18,,29115,,76420,,12005.0,,45200.0,,,,,
2021S02,S2   2021,2021,S,Semi-annual,251,France,7,Liquefied petroleum gas carriers,1.0868,,12,,9113,,47965,,10204.0,,54669.0,,,,,
2021S02,S2   2021,2021,S,Semi-annual,251,France,8,Liquefied natural gas carriers,1.1413,,11,,97216,,136980,,75879.0,,121910.0,,,,,
2021S02,S2   2021,2021,S,Semi-annual,276,Germany,0,All ships,0.833,,19,,13130,,236583,,9420.0,,307943.0,,4530.0,,23992.0,
2021S02,S2   2021,2021,S,Semi-annual,276,Germany,1,Passenger ships,,,21,,11015,,183200,,,,,,,,,
2021S02,S2   2021,2021,S,Semi-annual,276,Germany,2,Liquid bulk carriers,0.5462,,17,,5030,,163262,,8167.0,,307943.0,,,,,
2021S02,S2   2021,2021,S,Semi-annual,276,Germany,3,Container ships,1.1785,,13,,49837,,236583,,,,,,4530.0,,23992.0,
2021S02,S2   2021,2021,S,Semi-annual,276,Germany,4,Dry breakbulk carriers,0.8354,,21,,3587,,44684,,4818.0,,71460.0,,,,,
2021S02,S2   2021,2021,S,Semi-annual,276,Germany,5,Dry bulk carriers,2.2729,,11,,30092,,107737,,52397.0,,208822.0,,,,,
2021S02,S2   2021,2021,S,Semi-annual,276,Germany,6,Roll-on/ roll-off ships,,,17,,30714,,100430,,12255.0,,55828.0,,,,,
2021S02,S2   2021,2021,S,Semi-annual,276,Germany,7,Liquefied petroleum gas carriers,0.8875,,14,,5764,,26261,,6470.0,,38427.0,,,,,
2021S02,S2   2021,2021,S,Semi-annual,300,Greece,0,All ships,0.8368,,22,,8073,,219352,,7467.0,,166300.0,,4229.0,,21413.0,
2021S02,S2   2021,2021,S,Semi-annual,300,Greece,1,Passenger ships,,,21,,7494,,181541,,,,,,,,,
2021S02,S2   2021,2021,S,Semi-annual,300,Greece,2,Liquid bulk carriers,0.6125,,21,,5485,,86990,,8669.0,,166300.0,,,,,
2021S02,S2   2021,2021,S,Semi-annual,300,Greece,3,Container ships,1.0719,,16,,45141,,219352,,,,,,4229.0,,21413.0,
2021S02,S2   2021,2021,S,Semi-annual,300,Greece,4,Dry breakbulk carriers,1.1465,,33,,2787,,41580,,3864.0,,51624.0,,,,,
2021S02,S2   2021,2021,S,Semi-annual,300,Greece,5,Dry bulk carriers,0.6417,,26,,6702,,48021,,11199.0,,88279.0,,,,,
2021S02,S2   2021,2021,S,Semi-annual,300,Greece,6,Roll-on/ roll-off ships,,,35,,14862,,76420,,6328.0,,34960.0,,,,,
2021S02,S2   2021,2021,S,Semi-annual,300,Greece,7,Liquefied petroleum gas carriers,0.9847,,24,,4975,,22971,,5842.0,,26540.0,,,,,
2021S02,S2   2021,2021,S,Semi-annual,300,Greece,8,Liquefied natural gas carriers,1.2674,,9,,106854,,136685,,85050.0,,121843.0,,,,,
2021S02,S2   2021,2021,S,Semi-annual,360,Indonesia,0,All ships,1.2854,,20,,7897,,161833,,16698.0,,320122.0,,1145.0,,6750.0,
2021S02,S2   2021,2021,S,Semi-annual,360,Indonesia,1,Passenger ships,,,22,,5234,,20563,,,,,,,,,
2021S02,S2   2021,2021,S,Semi-annual,360,Indonesia,2,Liquid bulk carriers,1.3021,,15,,9131,,161833,,14389.0,,320122.0,,,,,
2021S02,S2   2021,2021,S,Semi-annual,360,Indonesia,3,Container ships,1.0819,,15,,12800,,76067,,,,,,1145.0,,6750.0,
2021S02,S2   2021,2021,S,Semi-annual,360,Indonesia,4,Dry breakbulk carriers,1.1538,,21,,4975,,57934,,6554.0,,72562.0,,,,,
2021S02,S2   2021,2021,S,Semi-annual,360,Indonesia,5,Dry bulk carriers,2.5524,,18,,24950,,108100,,43807.0,,208660.0,,,,,
2021S02,S2   2021,2021,S,Semi-annual,360,Indonesia,6,Roll-on/ roll-off ships,,,32,,9135,,75206,,4068.0,,28061.0,,,,,
2021S02,S2   2021,2021,S,Semi-annual,360,Indonesia,7,Liquefied petroleum gas carriers,1.0833,,20,,9005,,51035,,9811.0,,58811.0,,,,,
2021S02,S2   2021,2021,S,Semi-annual,360,Indonesia,8,Liquefied natural gas carriers,1.4222,,16,,92288,,136740,,73243.0,,96811.0,,,,,
2021S02,S2   2021,2021,S,Semi-annual,380,Italy,0,All ships,1.3576,,28,,9967,,232618,,19281.0,,211182.0,,3554.0,,23964.0,
2021S02,S2   2021,2021,S,Semi-annual,380,Italy,1,Passenger ships,,,30,,7522,,226963,,,,,,,,,
2021S02,S2   2021,2021,S,Semi-annual,380,Italy,2,Liquid bulk carriers,1.2493,,19,,16816,,86990,,28535.0,,166092.0,,,,,
2021S02,S2   2021,2021,S,Semi-annual,380,Italy,3,Container ships,0.9965,,16,,38625,,232618,,,,,,3554.0,,23964.0,
2021S02,S2   2021,2021,S,Semi-annual,380,Italy,4,Dry breakbulk carriers,2.0097,,19,,5947,,41416,,8218.0,,62346.0,,,,,
2021S02,S2   2021,2021,S,Semi-annual,380,Italy,5,Dry bulk carriers,3.666,,14,,23506,,109716,,40379.0,,211182.0,,,,,
2021S02,S2   2021,2021,S,Semi-annual,380,Italy,6,Roll-on/ roll-off ships,,,13,,33932,,76420,,13276.0,,45200.0,,,,,
2021S02,S2   2021,2021,S,Semi-annual,380,Italy,7,Liquefied petroleum gas carriers,1.7306,,14,,8490,,44673,,9587.0,,49996.0,,,,,
2021S02,S2   2021,2021,S,Semi-annual,392,Japan,0,All ships,0.4174,,13,,10151,,164688,,15073.0,,327017.0,,1508.0,,14336.0,
2021S02,S2   2021,2021,S,Semi-annual,392,Japan,1,Passenger ships,,,15,,4714,,50444,,,,,,,,,
2021S02,S2   2021,2021,S,Semi-annual,392,Japan,2,Liquid bulk carriers,0.3104,,12,,8112,,164688,,13728.0,,320785.0,,,,,
2021S02,S2   2021,2021,S,Semi-annual,392,Japan,3,Container ships,0.3708,,13,,15707,,151015,,,,,,1508.0,,14336.0,
2021S02,S2   2021,2021,S,Semi-annual,392,Japan,4,Dry breakbulk carriers,1.1913,,14,,6657,,66870,,8835.0,,80236.0,,,,,
2021S02,S2   2021,2021,S,Semi-annual,392,Japan,5,Dry bulk carriers,0.7552,,13,,16549,,161294,,28537.0,,327017.0,,,,,
2021S02,S2   2021,2021,S,Semi-annual,392,Japan,6,Roll-on/ roll-off ships,,,11,,17598,,76420,,7562.0,,43878.0,,,,,
2021S02,S2   2021,2021,S,Semi-annual,392,Japan,7,Liquefied petroleum gas carriers,0.3222,,13,,5872,,50700,,6324.0,,58899.0,,,,,
2021S02,S2   2021,2021,S,Semi-annual,392,Japan,8,Liquefied natural gas carriers,1.0347,,13,,74046,,149367,,53333.0,,122006.0,,,,,
2021S02,S2   2021,2021,S,Semi-annual,410,"Korea, Republic of",0,All ships,0.8889,,15,,18812,,236583,,21341.0,,326932.0,,2886.0,,23992.0,
2021S02,S2   2021,2021,S,Semi-annual,410,"Korea, Republic of",1,Passenger ships,,,11,,17308,,35187,,,,,,,,,
2021S02,S2   2021,2021,S,Semi-annual,410,"Korea, Republic of",2,Liquid bulk carriers,0.7382,,13,,13613,,170611,,23458.0,,321300.0,,,,,
2021S02,S2   2021,2021,S,Semi-annual,410,"Korea, Republic of",3,Container ships,0.7354,,13,,30876,,236583,,,,,,2886.0,,23992.0,
2021S02,S2   2021,2021,S,Semi-annual,410,"Korea, Republic of",4,Dry breakbulk carriers,1.1583,,19,,5236,,91649,,7521.0,,103652.0,,,,,
2021S02,S2   2021,2021,S,Semi-annual,410,"Korea, Republic of",5,Dry bulk carriers,2.184,,13,,29987,,173756,,54052.0,,326932.0,,,,,
2021S02,S2   2021,2021,S,Semi-annual,410,"Korea, Republic of",6,Roll-on/ roll-off ships,,,20,,25546,,76420,,10618.0,,43878.0,,,,,
2021S02,S2   2021,2021,S,Semi-annual,410,"Korea, Republic of",7,Liquefied petroleum gas carriers,0.8,,14,,7499,,60000,,8164.0,,62500.0,,,,,
2021S02,S2   2021,2021,S,Semi-annual,410,"Korea, Republic of",8,Liquefied natural gas carriers,1.05,,11,,110347,,168189,,87315.0,,155159.0,,,,,
2021S02,S2   2021,2021,S,Semi-annual,528,Netherlands,0,All ships,0.6257,,17,,12827,,236583,,14296.0,,319778.0,,2826.0,,23992.0,
2021S02,S2   2021,2021,S,Semi-annual,528,Netherlands,1,Passenger ships,,,14,,13567,,184089,,,,,,,,,
2021S02,S2   2021,2021,S,Semi-annual,528,Netherlands,2,Liquid bulk carriers,0.6083,,17,,9407,,166094,,17193.0,,319778.0,,,,,
2021S02,S2   2021,2021,S,Semi-annual,528,Netherlands,3,Container ships,0.8944,,15,,30474,,236583,,,,,,2826.0,,23992.0,
2021S02,S2   2021,2021,S,Semi-annual,528,Netherlands,4,Dry breakbulk carriers,0.3896,,20,,3872,,47426,,5195.0,,88272.0,,,,,
2021S02,S2   2021,2021,S,Semi-annual,528,Netherlands,5,Dry bulk carriers,1.3604,,10,,38652,,150918,,69459.0,,297541.0,,,,,
2021S02,S2   2021,2021,S,Semi-annual,528,Netherlands,6,Roll-on/ roll-off ships,,,21,,17287,,76420,,6613.0,,48988.0,,,,,
2021S02,S2   2021,2021,S,Semi-annual,528,Netherlands,7,Liquefied petroleum gas carriers,0.9896,,14,,6293,,48714,,6999.0,,58585.0,,,,,
2021S02,S2   2021,2021,S,Semi-annual,528,Netherlands,8,Liquefied natural gas carriers,1.0299,,8,,61369,,163922,,48040.0,,130441.0,,,,,
2021S02,S2   2021,2021,S,Semi-annual,579,Norway,0,All ships,0.4215,,13,,3973,,184089,,7108.0,,320137.0,,828.0,,1875.0,
2021S02,S2   2021,2021,S,Semi-annual,579,Norway,1,Passenger ships,,,12,,3841,,184089,,,,,,,,,
2021S02,S2   2021,2021,S,Semi-annual,579,Norway,2,Liquid bulk carriers,0.5833,,15,,10969,,170618,,17720.0,,320137.0,,,,,
2021S02,S2   2021,2021,S,Semi-annual,579,Norway,3,Container ships,0.3521,,16,,8640,,17360,,,,,,828.0,,1875.0,
2021S02,S2   2021,2021,S,Semi-annual,579,Norway,4,Dry breakbulk carriers,0.3368,,24,,2732,,49091,,3307.0,,63581.0,,,,,
2021S02,S2   2021,2021,S,Semi-annual,579,Norway,5,Dry bulk carriers,0.7549,,17,,17767,,107741,,29457.0,,209951.0,,,,,
2021S02,S2   2021,2021,S,Semi-annual,579,Norway,6,Roll-on/ roll-off ships,,,17,,11199,,70853,,6889.0,,28092.0,,,,,
2021S02,S2   2021,2021,S,Semi-annual,579,Norway,7,Liquefied petroleum gas carriers,0.8951,,10,,10860,,47057,,11974.0,,54901.0,,,,,
2021S02,S2   2021,2021,S,Semi-annual,579,Norway,8,Liquefied natural gas carriers,0.2889,,15,,5405,,22887,,4311.0,,20918.0,,,,,
2021S02,S2   2021,2021,S,Semi-annual,643,Russian Federation,0,All ships,1.4285,,25,,10921,,128975,,16048.0,,182097.0,,1466.0,,7455.0,
2021S02,S2   2021,2021,S,Semi-annual,643,Russian Federation,1,Passenger ships,,,28,,7022,,11478,,,,,,,,,
2021S02,S2   2021,2021,S,Semi-annual,643,Russian Federation,2,Liquid bulk carriers,1.0597,,22,,12667,,86990,,21321.0,,167295.0,,,,,
2021S02,S2   2021,2021,S,Semi-annual,643,Russian Federation,3,Container ships,1.7104,,16,,16342,,83133,,,,,,1466.0,,7455.0,
2021S02,S2   2021,2021,S,Semi-annual,643,Russian Federation,4,Dry breakbulk carriers,1.7194,,30,,4206,,51821,,5465.0,,80500.0,,,,,
2021S02,S2   2021,2021,S,Semi-annual,643,Russian Federation,5,Dry bulk carriers,2.4868,,16,,26266,,94970,,46001.0,,182097.0,,,,,
2021S02,S2   2021,2021,S,Semi-annual,643,Russian Federation,6,Roll-on/ roll-off ships,,,28,,14054,,72705,,6760.0,,22910.0,,,,,
2021S02,S2   2021,2021,S,Semi-annual,643,Russian Federation,7,Liquefied petroleum gas carriers,1.4708,,18,,7297,,18425,,8538.0,,22911.0,,,,,
2021S02,S2   2021,2021,S,Semi-annual,643,Russian Federation,8,Liquefied natural gas carriers,1.15,,10,,92479,,128975,,69566.0,,97000.0,,,,,
2021S02,S2   2021,2021,S,Semi-annual,724,Spain,0,All ships,0.9007,,17,,16267,,236583,,15043.0,,183123.0,,3054.0,,23964.0,
2021S02,S2   2021,2021,S,Semi-annual,724,Spain,1,Passenger ships,,,19,,14683,,226963,,,,,,,,,
2021S02,S2   2021,2021,S,Semi-annual,724,Spain,2,Liquid bulk carriers,0.8868,,12,,11278,,86266,,18514.0,,165209.0,,,,,
2021S02,S2   2021,2021,S,Semi-annual,724,Spain,3,Container ships,0.6563,,15,,32877,,236583,,,,,,3054.0,,23964.0,
2021S02,S2   2021,2021,S,Semi-annual,724,Spain,4,Dry breakbulk carriers,1.2007,,16,,5055,,66870,,7143.0,,72562.0,,,,,
2021S02,S2   2021,2021,S,Semi-annual,724,Spain,5,Dry bulk carriers,1.7875,,15,,24154,,95086,,42151.0,,183123.0,,,,,
2021S02,S2   2021,2021,S,Semi-annual,724,Spain,6,Roll-on/ roll-off ships,,,13,,22205,,76420,,7688.0,,45200.0,,,,,
2021S02,S2   2021,2021,S,Semi-annual,724,Spain,7,Liquefied petroleum gas carriers,1.0035,,12,,6573,,48060,,7327.0,,55047.0,,,,,
2021S02,S2   2021,2021,S,Semi-annual,724,Spain,8,Liquefied natural gas carriers,1.0812,,10,,93832,,163922,,74409.0,,130441.0,,,,,
2021S02,S2   2021,2021,S,Semi-annual,752,Sweden,0,All ships,0.7694,,23,,16766,,214286,,8607.0,,159021.0,,1578.0,,19630.0,
2021S02,S2   2021,2021,S,Semi-annual,752,Sweden,1,Passenger ships,,,25,,20574,,153516,,,,,,,,,
2021S02,S2   2021,2021,S,Semi-annual,752,Sweden,2,Liquid bulk carriers,0.6667,,14,,8157,,88099,,12322.0,,159021.0,,,,,
2021S02,S2   2021,2021,S,Semi-annual,752,Sweden,3,Container ships,0.7024,,15,,16948,,214286,,,,,,1578.0,,19630.0,
2021S02,S2   2021,2021,S,Semi-annual,752,Sweden,4,Dry breakbulk carriers,0.9854,,22,,3771,,37499,,5325.0,,55807.0,,,,,
2021S02,S2   2021,2021,S,Semi-annual,752,Sweden,5,Dry bulk carriers,0.467,,25,,6564,,49445,,10042.0,,87091.0,,,,,
2021S02,S2   2021,2021,S,Semi-annual,752,Sweden,6,Roll-on/ roll-off ships,,,20,,27765,,76420,,10338.0,,34960.0,,,,,
2021S02,S2   2021,2021,S,Semi-annual,752,Sweden,7,Liquefied petroleum gas carriers,0.8069,,15,,7760,,50468,,8575.0,,55250.0,,,,,
2021S02,S2   2021,2021,S,Semi-annual,752,Sweden,8,Liquefied natural gas carriers,0.7069,,7,,13161,,22887,,10073.0,,20916.0,,,,,
2021S02,S2   2021,2021,S,Semi-annual,792,Türkiye,0,All ships,1.2347,,24,,4979,,232618,,17353.0,,318824.0,,2916.0,,23756.0,
2021S02,S2   2021,2021,S,Semi-annual,792,Türkiye,1,Passenger ships,,,25,,1639,,93558,,,,,,,,,
2021S02,S2   2021,2021,S,Semi-annual,792,Türkiye,2,Liquid bulk carriers,1.1521,,14,,19068,,161045,,33278.0,,318824.0,,,,,
2021S02,S2   2021,2021,S,Semi-annual,792,Türkiye,3,Container ships,0.6382,,17,,31961,,232618,,,,,,2916.0,,23756.0,
2021S02,S2   2021,2021,S,Semi-annual,792,Türkiye,4,Dry breakbulk carriers,1.5764,,28,,4121,,51065,,5750.0,,72148.0,,,,,
2021S02,S2   2021,2021,S,Semi-annual,792,Türkiye,5,Dry bulk carriers,4.0833,,16,,24831,,109716,,42716.0,,211182.0,,,,,
2021S02,S2   2021,2021,S,Semi-annual,792,Türkiye,6,Roll-on/ roll-off ships,,,25,,26387,,76299,,10593.0,,45200.0,,,,,
2021S02,S2   2021,2021,S,Semi-annual,792,Türkiye,7,Liquefied petroleum gas carriers,1.1903,,20,,15872,,48825,,18322.0,,58691.0,,,,,
2021S02,S2   2021,2021,S,Semi-annual,792,Türkiye,8,Liquefied natural gas carriers,1.1563,,8,,112020,,141671,,89217.0,,121843.0,,,,,
2021S02,S2   2021,2021,S,Semi-annual,842,United States of America,0,All ships,1.5861,,26,,15853,,228081,,47932.0,,321300.0,,5328.0,,19273.0,
2021S02,S2   2021,2021,S,Semi-annual,842,United States of America,1,Passenger ships,,,30,,6784,,228081,,,,,,,,,
2021S02,S2   2021,2021,S,Semi-annual,842,United States of America,2,Liquid bulk carriers,1.6201,,11,,35049,,170611,,60704.0,,321300.0,,,,,
2021S02,S2   2021,2021,S,Semi-annual,842,United States of America,3,Container ships,1.2958,,15,,59511,,196670,,,,,,5328.0,,19273.0,
2021S02,S2   2021,2021,S,Semi-annual,842,United States of America,4,Dry breakbulk carriers,2.0563,,16,,12812,,66870,,17196.0,,81279.0,,,,,
2021S02,S2   2021,2021,S,Semi-annual,842,United States of America,5,Dry bulk carriers,2.0778,,20,,29052,,108237,,52282.0,,208775.0,,,,,
2021S02,S2   2021,2021,S,Semi-annual,842,United States of America,6,Roll-on/ roll-off ships,,,13,,58884,,100430,,21586.0,,55828.0,,,,,
2021S02,S2   2021,2021,S,Semi-annual,842,United States of America,7,Liquefied petroleum gas carriers,1.8135,,9,,30261,,60784,,34404.0,,63770.0,,,,,
2021S02,S2   2021,2021,S,Semi-annual,842,United States of America,8,Liquefied natural gas carriers,1.2521,,6,,105630,,149367,,84165.0,,121946.0,,,,,
2021S02,S2   2021,2021,S,Semi-annual,926,United Kingdom,0,All ships,1.1639,,18,,14244,,235579,,12269.0,,320785.0,,3064.0,,23992.0,
2021S02,S2   2021,2021,S,Semi-annual,926,United Kingdom,1,Passenger ships,,,18,,13217,,184089,,,,,,,,,
2021S02,S2   2021,2021,S,Semi-annual,926,United Kingdom,2,Liquid bulk carriers,1.0438,,14,,12613,,166094,,21106.0,,320785.0,,,,,
2021S02,S2   2021,2021,S,Semi-annual,926,United Kingdom,3,Container ships,0.8503,,16,,33291,,235579,,,,,,3064.0,,23992.0,
2021S02,S2   2021,2021,S,Semi-annual,926,United Kingdom,4,Dry breakbulk carriers,1.5236,,19,,3394,,48292,,4699.0,,62074.0,,,,,
2021S02,S2   2021,2021,S,Semi-annual,926,United Kingdom,5,Dry bulk carriers,3.049,,13,,25881,,94970,,44249.0,,180556.0,,,,,
2021S02,S2   2021,2021,S,Semi-annual,926,United Kingdom,6,Roll-on/ roll-off ships,,,15,,24649,,100430,,9855.0,,55828.0,,,,,
2021S02,S2   2021,2021,S,Semi-annual,926,United Kingdom,7,Liquefied petroleum gas carriers,1.0486,,11,,6759,,46491,,7271.0,,50891.0,,,,,
2021S02,S2   2021,2021,S,Semi-annual,926,United Kingdom,8,Liquefied natural gas carriers,1.234,,8,,75172,,168189,,61321.0,,154940.0,,,,,
